milk_fat_percentage,starter_culture_ph,ambient_temperature,fermentation_humidity,salt_concentration,curd_cut_size,aging_room_airflow,bacterial_strain_type,optimal_fermentation_time
7.53,6.39,22.9,75.9,2.18,1.89,0.67,1,49.5
5.35,5.36,16.4,64.2,3.19,1.86,0.49,2,57.1
8.08,6.68,25.3,79.9,1.33,0.75,0.18,3,38.9
7.03,5.89,14.3,65.5,0.58,0.38,1.19,2,40.6
3.11,4.5,19.7,62.1,2.83,0.97,0.29,1,34.7
8.84,6.5,13.3,77.5,2.61,0.65,0.38,2,62.3
7.45,5.47,18.9,82.9,2.14,1.17,0.36,3,44.0
7.61,4.57,12.7,89.9,2.95,2.45,1.1,0,54.8
3.33,4.6,12.9,87.4,3.02,0.7,0.94,0,35.2
5.43,5.99,21.0,90.0,2.26,1.0,0.6,0,38.9
4.91,4.32,14.7,86.6,3.4,1.9,1.15,3,41.2
8.52,4.95,13.1,84.6,2.66,1.42,0.16,3,56.6
6.69,4.56,26.7,60.4,2.53,0.4,1.08,1,27.6
7.85,5.35,10.8,81.9,1.58,0.66,0.17,3,49.7
5.38,5.28,20.2,64.2,0.51,2.36,0.53,2,34.0
3.98,5.56,19.9,62.1,1.22,0.53,0.16,3,26.8
6.1,4.93,14.5,65.5,2.79,1.7,1.2,3,46.6
2.91,4.28,18.1,88.8,2.63,2.04,1.11,3,30.4
7.88,5.8,11.6,86.0,1.49,0.88,0.74,1,49.6
6.61,5.17,23.0,93.2,2.38,1.9,0.34,2,35.2
7.43,5.89,14.0,94.3,1.09,0.67,0.4,0,48.6
4.8,4.48,13.5,91.3,1.29,0.93,0.59,3,30.7
8.81,4.24,15.7,64.7,3.34,0.99,0.46,1,55.5
8.31,4.85,26.2,90.7,1.74,2.49,0.12,1,36.1
7.56,5.39,24.3,89.4,1.23,0.77,0.82,2,31.0
3.77,5.22,27.0,90.5,1.96,0.58,0.77,3,19.5
5.53,6.31,21.7,65.3,1.66,2.34,1.09,2,42.9
2.78,5.18,21.9,64.1,2.69,0.66,0.62,3,21.0
3.5,5.58,18.6,92.3,3.39,2.23,0.48,2,43.1
6.94,5.74,26.3,66.1,2.28,1.73,0.66,3,40.7
7.34,4.26,19.2,72.9,2.27,1.57,0.31,2,45.9
8.79,5.54,16.4,76.0,1.59,1.95,0.79,1,49.5
4.62,5.1,21.5,64.4,2.19,1.9,0.95,3,29.9
4.91,5.3,19.8,60.7,1.46,0.54,0.27,1,29.4
5.55,4.46,12.2,94.8,0.5,2.5,0.45,2,42.6
3.73,6.24,17.1,90.7,3.1,2.37,1.05,1,41.7
3.34,6.65,15.6,91.9,1.79,2.27,0.66,1,33.7
5.59,4.26,25.2,70.0,1.98,1.67,0.69,1,28.0
3.97,5.76,16.8,67.7,0.75,1.45,0.89,1,30.8
6.85,6.19,24.8,74.9,3.01,1.48,0.74,3,41.3
5.34,4.94,18.0,75.9,1.01,0.33,0.18,3,25.6
7.91,6.25,23.6,60.2,1.73,1.4,0.98,2,44.6
7.05,5.84,12.4,87.3,3.02,1.67,1.12,0,60.1
4.53,6.62,26.6,94.9,1.87,1.75,0.16,0,31.0
7.91,6.75,18.7,78.5,3.29,1.03,0.23,0,60.7
7.73,4.31,14.7,73.6,1.13,1.34,0.87,2,45.2
5.02,5.36,14.3,73.7,2.65,1.7,0.76,3,44.9
4.37,5.62,14.8,63.4,3.43,1.24,0.52,1,47.0
6.94,4.58,16.6,69.3,2.15,2.42,0.69,1,46.0
3.41,5.07,22.9,77.6,2.58,1.85,0.87,2,33.8
3.8,6.77,27.1,75.1,1.68,0.3,0.65,3,24.8
2.55,4.24,22.0,79.1,2.75,0.35,0.25,1,16.7
7.62,5.38,19.8,89.7,3.23,1.82,0.2,1,49.5
6.82,6.39,18.1,67.9,2.61,1.21,0.58,2,56.4
7.08,5.04,24.9,61.0,3.31,2.15,1.12,3,47.8
7.57,5.45,25.3,61.3,2.27,0.68,0.71,2,46.3
5.48,6.74,15.3,64.7,2.23,0.33,0.49,2,48.6
6.2,5.43,27.2,80.0,1.41,1.15,1.1,2,31.3
3.41,4.54,17.1,88.3,2.63,1.92,0.53,0,34.0
3.24,4.33,24.4,91.0,3.15,2.44,0.66,3,26.8
6.84,6.66,27.4,82.2,2.44,2.24,0.23,0,45.7
5.56,4.89,22.7,74.1,1.2,1.36,0.91,1,23.4
6.17,5.51,12.9,65.4,2.13,2.09,0.87,1,52.5
7.47,4.44,20.6,74.0,2.77,0.45,0.97,2,44.9
6.63,5.3,12.1,71.6,3.32,1.56,0.46,0,59.2
6.1,6.62,24.2,90.5,0.97,2.33,0.58,0,35.0
6.13,5.51,15.1,77.0,0.88,1.17,0.29,3,34.2
4.48,6.72,22.5,67.9,1.74,2.41,1.16,1,38.1
2.7,4.87,26.4,70.1,0.88,0.79,0.19,2,15.0
5.34,5.51,13.3,64.8,3.44,0.53,0.81,2,51.1
3.89,6.43,17.1,92.2,1.77,1.45,0.88,2,36.8
5.16,5.37,21.6,61.8,2.1,2.3,0.27,2,42.9
8.05,4.93,17.6,60.4,1.18,0.98,0.5,2,45.4
4.02,6.42,13.1,66.4,1.85,2.06,0.15,3,46.1
2.88,5.21,10.5,88.4,3.45,0.67,0.71,3,35.2
4.33,5.58,17.3,78.3,1.97,1.94,1.19,1,39.0
4.41,6.74,21.7,81.9,0.53,1.53,0.57,0,29.9
6.8,4.68,20.3,72.5,1.23,0.69,1.19,3,26.7
6.12,4.98,12.8,62.4,3.44,1.88,0.24,1,50.7
7.6,4.28,18.1,90.0,3.47,1.87,0.53,1,50.7
6.82,5.22,16.7,66.7,1.13,1.43,1.09,0,43.4
5.14,4.72,14.9,61.2,2.35,0.8,1.06,2,43.3
7.79,5.97,23.1,80.0,0.73,0.59,0.46,2,39.3
3.59,4.67,15.6,62.9,2.23,2.41,0.85,3,38.5
2.65,5.95,19.7,63.4,0.88,1.74,1.07,2,28.8
3.09,4.89,26.6,88.0,2.96,2.08,0.94,2,24.7
7.2,5.12,19.7,77.2,3.32,1.83,0.79,2,51.0
5.5,5.11,21.1,68.5,1.02,2.12,0.27,3,32.9
3.55,6.06,11.3,72.2,1.89,0.66,0.18,3,43.7
5.76,5.41,13.2,85.5,0.81,1.39,0.78,3,36.1
3.49,5.14,11.8,62.3,1.52,1.77,0.65,1,42.2
7.03,6.42,23.8,64.1,0.7,0.53,0.36,1,35.2
5.4,5.69,25.0,81.6,1.29,0.63,0.42,0,27.6
4.98,4.76,13.4,81.2,3.47,1.69,0.53,3,52.4
4.46,6.54,13.9,94.0,0.63,2.21,0.65,2,44.8
6.6,5.09,15.8,73.1,3.08,1.75,0.53,3,54.0
4.85,4.3,20.6,62.3,0.73,0.38,0.53,3,18.6
3.07,5.49,21.2,78.8,2.09,2.43,0.23,1,36.1
3.27,4.52,22.4,82.3,1.86,0.61,1.05,0,18.6
8.75,4.82,26.3,64.9,3.29,0.81,0.77,0,45.0
8.41,6.14,15.3,79.4,1.1,2.44,0.26,3,47.5
7.05,4.54,21.9,66.9,1.04,2.0,0.57,1,35.1
4.23,6.3,20.1,89.6,2.75,2.36,0.56,1,37.2
8.8,6.64,15.5,89.2,2.68,2.07,0.76,3,61.1
7.56,5.78,26.3,75.0,2.6,1.73,0.77,1,38.1
7.16,6.05,11.7,93.8,0.58,0.93,0.81,3,46.2
5.42,6.06,22.8,94.3,1.28,1.02,0.87,2,31.8
4.27,6.78,23.1,64.5,3.02,2.38,0.21,3,49.1
3.13,5.09,26.5,72.9,2.3,2.19,0.44,0,23.0
8.37,4.62,19.3,81.0,2.31,1.09,0.12,1,48.8
5.46,5.55,15.8,63.0,1.39,1.12,0.6,0,37.2
3.82,5.59,24.9,73.4,1.28,0.95,0.57,0,23.2
4.49,4.66,23.9,69.1,3.34,1.02,0.91,3,28.2
6.26,5.79,19.0,93.3,2.68,2.19,0.28,2,48.0
3.65,4.24,23.8,74.4,0.88,0.32,0.79,1,10.1
8.07,6.61,14.8,86.7,3.31,1.26,0.44,1,58.9
7.43,4.89,20.6,73.5,2.25,2.37,0.52,0,43.7
7.18,4.3,25.6,64.6,1.5,1.49,0.89,0,30.6
5.31,4.48,15.7,90.2,1.69,1.29,0.18,3,33.3
6.58,4.82,18.7,60.0,2.68,0.99,0.48,0,48.9
6.3,4.91,27.1,62.0,1.63,0.46,0.53,1,26.8
6.72,4.29,24.4,72.8,2.24,0.79,0.89,0,34.8
3.05,4.93,26.0,84.0,2.63,0.5,0.32,3,13.8
5.2,4.7,16.9,72.0,1.09,0.58,1.14,0,29.1
2.77,5.18,27.9,62.3,3.33,0.66,1.2,1,23.0
5.71,5.2,12.7,71.1,1.57,0.96,1.0,3,40.9
4.64,5.08,19.3,68.6,1.76,0.32,0.43,2,31.1
3.44,5.05,18.6,60.2,2.6,2.39,0.83,1,39.3
3.17,4.43,24.4,78.7,2.33,0.57,0.19,2,20.8
6.32,4.27,26.4,64.1,1.82,1.14,1.06,1,23.9
3.61,4.73,23.2,70.1,2.45,2.23,0.67,1,29.7
8.51,6.17,21.3,82.4,3.21,0.53,0.29,2,55.0
6.28,6.78,17.7,85.4,2.9,1.36,0.46,1,49.2
4.75,6.61,19.2,69.2,2.97,2.16,0.98,3,44.2
6.34,5.51,19.2,71.5,1.28,1.53,1.06,1,34.1
2.65,5.58,10.4,68.6,1.76,0.76,0.67,3,34.3
8.73,5.02,19.1,93.5,2.16,1.92,0.63,0,51.5
5.63,6.21,25.4,66.7,0.63,1.8,0.93,2,32.4
7.59,6.19,22.8,66.4,2.81,1.1,1.01,2,52.7
3.04,6.4,24.3,75.6,1.47,0.4,0.94,2,24.7
5.66,6.53,17.0,66.6,1.35,0.32,0.52,1,38.4
5.69,5.33,19.5,65.5,1.28,2.12,0.81,2,36.1
8.6,6.19,10.6,63.4,1.35,1.01,1.04,0,57.5
6.22,6.3,16.9,82.4,1.51,0.6,0.27,2,42.8
5.58,5.0,18.5,81.4,2.31,1.44,0.53,3,34.8
4.24,6.62,14.6,82.8,2.25,2.33,0.16,1,49.6
4.66,4.45,10.6,87.1,1.27,0.32,0.55,0,36.7
5.88,6.79,22.4,71.4,1.12,0.42,0.95,2,41.6
5.35,6.2,17.8,92.1,2.98,1.22,0.32,3,41.2
2.64,4.44,17.5,85.7,0.78,1.79,0.7,1,22.7
7.87,5.91,14.5,88.2,2.04,1.35,0.14,0,58.4
8.33,4.29,19.7,85.2,2.06,2.27,1.09,1,41.7
3.41,6.2,17.9,72.5,2.22,0.4,1.0,3,32.4
6.1,6.28,18.5,69.9,3.16,1.05,0.68,1,52.1
3.21,5.77,20.5,74.8,2.37,1.07,0.88,2,32.8
6.87,6.43,10.1,63.4,3.42,1.05,0.21,1,65.5
4.33,4.45,26.3,75.8,3.11,1.37,1.03,2,27.0
6.79,4.92,11.3,61.5,1.14,2.04,0.89,1,42.4
7.23,5.28,18.1,60.1,1.22,1.0,0.23,1,42.3
7.5,4.31,13.7,92.6,1.53,1.94,1.18,2,43.4
3.2,5.37,19.4,84.1,1.67,0.62,0.12,2,25.5
8.45,4.89,15.0,79.7,2.16,1.53,0.79,1,51.6
4.0,5.22,25.5,71.9,1.2,1.13,0.29,1,16.5
2.74,5.31,17.1,80.0,1.17,1.49,0.89,0,28.3
6.11,6.49,21.5,91.2,1.64,0.54,0.18,2,39.9
4.91,4.9,14.5,82.8,2.52,2.4,0.19,1,43.3
7.89,6.52,10.3,81.1,2.56,2.29,0.61,2,68.7
7.75,5.31,17.3,76.1,3.43,2.12,1.19,1,51.8
4.56,5.05,19.7,72.1,1.11,2.26,0.4,3,32.0
8.69,5.51,18.3,84.4,1.68,0.62,0.77,2,48.2
4.39,5.29,27.3,94.3,3.39,1.41,0.67,1,27.8
5.85,4.87,22.7,74.9,2.57,1.0,1.03,1,34.0
4.16,5.51,27.9,73.7,2.28,2.25,0.42,2,29.0
8.58,4.59,15.3,75.0,2.12,0.72,0.71,0,46.0
3.57,5.12,24.2,74.9,0.73,0.78,1.15,0,18.2
2.79,5.67,20.0,94.7,3.18,1.81,0.47,0,36.1
5.33,5.27,21.0,84.7,2.38,0.5,0.58,1,30.4
8.95,6.34,27.7,72.6,2.22,1.91,1.08,1,45.7
8.3,4.87,21.8,73.0,2.12,0.89,0.47,1,44.7
7.37,6.72,26.2,75.1,1.68,1.75,0.52,0,45.2
8.29,6.24,23.1,61.3,1.26,2.22,0.43,1,45.6
8.31,6.72,12.3,78.5,2.77,1.64,0.99,1,60.0
5.87,6.38,22.6,88.4,2.03,0.77,1.12,1,30.0
4.55,4.57,18.7,83.1,0.6,0.41,0.79,2,22.3
7.52,5.57,26.5,66.9,1.7,0.4,0.79,1,36.1
6.8,4.64,24.5,85.5,3.29,0.5,0.53,3,31.9
4.93,6.33,11.9,85.2,1.62,1.58,0.11,3,43.6
3.11,5.72,12.4,69.2,1.74,1.07,0.29,2,39.6
7.35,4.88,11.3,81.8,2.37,0.83,0.26,2,53.4
4.21,6.62,18.9,81.4,2.91,0.78,0.23,0,42.6
8.59,4.5,11.5,89.4,2.51,2.39,0.82,2,56.8
4.07,5.67,23.0,64.8,3.05,0.56,0.25,1,36.6
3.3,6.07,19.9,66.8,0.84,0.97,0.19,1,26.2
7.9,4.35,25.0,77.0,3.27,1.34,0.52,3,45.7
3.5,5.75,15.0,61.5,3.21,0.3,0.37,0,41.1
3.67,6.32,19.3,74.5,2.06,2.33,0.26,1,42.3
6.4,4.38,12.1,87.6,2.37,0.52,0.26,3,45.5
8.18,5.53,25.9,65.2,1.14,1.8,0.38,3,36.0
3.78,4.87,13.2,76.1,1.84,1.68,0.69,2,38.6
4.52,5.92,11.8,94.6,1.11,2.08,0.93,2,39.7
7.55,4.51,13.7,77.7,0.57,1.73,1.04,3,36.5
8.82,6.64,24.5,77.4,3.44,1.99,0.93,0,57.2
5.75,6.53,11.9,79.6,1.28,1.23,0.79,1,46.2
3.44,4.68,21.1,66.5,2.28,1.38,1.1,0,24.3
2.59,5.04,23.4,65.2,1.4,1.84,0.67,1,25.9
3.99,5.73,23.5,83.7,1.61,1.55,0.8,3,23.2
3.36,6.07,13.4,73.9,1.69,1.43,0.55,2,41.9
6.9,5.35,11.1,70.1,1.51,0.75,0.46,3,45.8
3.29,4.61,18.1,61.1,2.41,0.87,0.46,2,33.4
5.79,4.47,13.6,89.6,3.38,1.09,0.26,3,44.0
7.01,6.8,22.6,61.1,1.79,0.32,0.98,0,42.9
6.28,5.38,16.4,86.2,3.42,1.22,0.16,1,49.2
3.8,6.47,18.1,73.4,2.5,0.31,0.84,1,37.8
7.73,5.45,12.0,81.0,2.32,1.54,1.05,3,53.4
7.15,6.6,20.2,68.7,1.21,1.85,0.65,2,50.1
7.3,4.43,13.3,65.4,0.69,1.54,0.18,0,45.0
3.35,4.5,22.2,78.7,3.06,1.83,0.57,0,31.2
3.3,6.62,11.3,84.3,2.22,0.3,0.48,1,40.1
8.53,6.66,27.6,66.8,1.74,0.43,1.18,0,43.0
5.08,5.02,22.3,75.3,2.94,1.84,0.86,2,40.1
4.46,5.12,13.3,75.6,1.43,2.07,0.89,3,36.6
5.68,5.38,10.3,67.6,2.85,1.88,0.67,3,53.7
6.81,5.28,16.0,79.8,1.48,1.76,0.88,0,44.0
8.71,4.69,12.8,65.1,3.26,1.86,0.89,1,61.9
4.36,6.54,13.9,77.8,1.3,1.93,0.17,2,46.2
8.51,4.86,25.7,64.0,0.91,1.89,0.34,1,34.8
2.66,6.03,20.9,77.0,2.59,1.92,0.11,1,35.2
6.11,4.37,13.2,70.9,0.99,0.46,0.66,0,39.2
6.62,4.3,20.0,75.8,3.35,0.44,1.06,0,44.8
3.19,5.9,14.6,75.2,2.47,1.09,0.77,1,36.1
3.41,5.08,27.6,91.8,1.19,1.46,0.65,0,15.8
5.22,5.9,10.6,77.1,1.13,1.98,1.12,0,41.6
8.78,4.44,23.2,88.6,3.27,1.04,0.29,2,49.7
6.37,6.67,23.9,67.9,2.32,0.91,0.18,3,37.3
8.56,6.15,11.2,72.3,3.18,2.02,1.11,2,68.5
7.73,6.48,13.1,62.6,0.83,0.85,1.09,0,52.7
5.54,4.55,16.9,74.7,3.28,2.11,0.85,3,42.1
7.6,5.03,25.6,83.4,2.06,0.69,0.37,2,34.5
2.62,5.16,19.7,89.3,2.51,1.09,1.17,1,22.5
3.21,5.6,21.8,79.8,1.62,1.18,0.94,1,24.6
7.89,4.97,24.1,82.4,0.68,0.96,0.84,3,25.1
7.68,4.36,24.9,66.2,3.37,0.31,0.35,1,39.3
4.01,5.16,18.6,61.3,3.48,0.82,0.66,0,40.5
5.95,4.86,19.2,87.7,1.59,1.04,1.0,1,32.8
6.44,5.2,22.9,65.8,3.33,0.99,1.05,1,43.1
8.14,4.71,14.7,63.2,1.0,2.03,0.72,1,42.9
6.42,4.88,25.4,92.8,0.96,0.4,0.68,1,22.6
5.18,5.83,10.4,93.7,0.72,1.16,0.87,2,39.8
4.93,5.21,13.5,81.6,1.67,0.38,0.68,1,36.0
5.27,5.1,24.4,73.3,0.66,2.35,0.56,2,26.6
6.74,5.59,16.1,89.2,1.68,2.04,0.19,1,46.2
8.14,6.21,12.7,67.2,0.92,2.46,0.24,3,62.7
5.45,5.19,13.4,75.0,2.69,2.3,0.94,3,47.9
4.11,5.73,19.6,72.5,3.0,0.99,0.13,1,37.5
4.04,6.71,25.2,91.9,2.56,1.82,0.16,0,34.2
7.35,5.56,11.3,92.2,1.1,0.97,1.1,2,44.1
7.81,6.57,10.5,82.8,2.8,2.25,0.87,1,68.7
3.18,6.26,18.4,63.9,1.25,1.2,0.1,3,31.9
2.93,4.35,27.2,76.9,2.78,1.13,0.44,1,15.0
6.36,5.32,15.0,68.6,2.2,2.31,0.94,1,46.3
3.45,6.02,27.3,91.0,1.6,2.14,0.56,1,20.8
7.86,6.77,26.0,64.8,0.75,2.43,0.62,3,42.5
4.52,5.39,15.1,61.9,2.98,0.45,0.6,0,41.8
3.44,4.44,24.7,84.7,3.32,0.84,0.32,3,25.5
8.49,5.66,22.3,75.9,2.5,0.96,0.89,0,47.1
3.58,4.53,19.2,89.3,3.39,1.23,0.21,3,29.0
4.35,6.15,17.6,62.6,3.3,1.34,0.66,2,48.5
3.5,5.52,24.7,88.0,1.08,0.94,0.29,2,24.9
3.25,6.08,24.3,61.3,2.69,2.04,0.15,0,33.1
2.64,6.46,23.6,61.0,1.55,0.79,0.26,2,26.7
2.86,5.84,28.0,76.1,1.96,1.83,1.06,2,24.9
3.64,5.79,18.6,67.7,0.97,2.17,0.29,1,32.6
2.85,6.16,24.5,80.8,3.42,1.63,0.41,1,30.1
6.34,6.39,25.5,60.9,2.68,1.08,0.25,2,47.9
6.92,6.46,13.8,61.2,1.3,0.71,0.91,1,51.2
5.06,4.29,10.8,85.5,1.61,0.6,0.59,3,35.4
4.57,5.65,17.3,67.4,1.77,1.94,1.14,0,38.0
5.78,4.76,25.4,83.0,2.74,1.33,0.83,1,28.8
8.19,6.44,15.2,86.2,3.28,0.4,0.68,3,56.8
8.03,5.89,22.6,62.1,1.46,2.46,0.82,3,41.6
2.78,5.29,10.1,86.9,1.92,1.78,0.14,1,41.6
3.68,4.69,16.4,69.4,2.28,2.16,1.15,2,42.3
4.04,5.08,21.1,73.6,1.68,1.26,1.15,0,26.8
4.12,6.03,12.3,63.0,2.01,2.4,0.4,0,51.4
6.21,4.73,26.1,89.4,0.82,0.74,0.79,3,20.2
5.21,4.44,12.8,79.6,1.0,0.71,0.32,2,41.4
2.82,6.51,26.4,77.7,1.7,2.26,0.7,0,30.0
4.93,6.19,13.9,93.9,3.24,2.26,0.95,3,44.5
5.9,4.72,27.9,71.7,1.55,1.4,1.13,1,21.6
3.16,4.96,20.9,91.2,1.25,0.58,0.47,2,21.7
7.92,6.73,11.5,85.2,2.73,0.97,0.86,3,58.2
2.84,6.04,11.2,92.5,3.35,1.96,0.89,3,48.7
8.51,5.79,11.3,91.8,1.88,2.16,0.34,0,64.6
3.14,5.0,20.6,94.7,0.53,1.06,0.79,1,11.9
7.98,4.98,24.6,64.6,2.56,0.43,0.82,1,38.3
8.37,4.3,17.3,87.9,1.75,1.76,0.94,3,39.4
8.87,6.09,18.0,88.2,2.52,1.93,1.2,3,52.5
7.71,4.31,20.6,82.6,1.33,1.23,0.14,2,38.1
7.57,4.21,19.6,69.8,0.51,1.58,0.32,0,38.2
6.68,6.1,22.4,93.8,1.53,2.47,0.26,3,36.0
7.56,6.67,18.5,67.2,2.61,0.84,0.27,2,50.7
3.37,6.17,22.8,77.5,1.68,1.56,0.6,1,23.0
5.98,5.43,28.0,78.3,1.16,1.64,1.07,1,20.9
5.84,5.46,16.3,65.7,1.89,1.51,0.59,1,41.7
8.07,5.33,10.2,85.3,2.76,2.21,0.84,1,61.3
5.51,5.04,12.3,63.1,0.86,1.63,0.51,3,37.5
5.0,5.56,20.0,84.3,2.58,1.42,0.45,3,33.1
6.66,5.32,16.2,89.7,2.5,0.57,1.02,0,41.0
4.23,5.76,26.9,72.2,1.61,1.85,0.82,3,20.5
3.41,6.54,21.3,84.8,3.41,0.59,0.49,1,34.0
5.61,6.79,19.4,65.5,3.18,0.36,1.11,3,43.4
5.21,4.4,24.4,89.6,1.45,1.37,0.65,3,21.6
4.01,5.2,14.7,93.3,0.59,1.56,0.31,2,29.2
4.89,4.67,24.8,65.3,1.42,2.5,0.63,2,29.9
4.88,5.12,10.1,84.2,1.11,1.87,0.84,2,42.1
4.63,4.95,21.2,77.7,2.14,2.17,0.5,3,33.9
4.97,4.65,26.8,78.6,3.26,1.06,1.03,1,26.5
6.96,6.19,24.2,84.7,3.11,1.42,0.69,2,49.6
4.43,5.49,25.4,77.1,1.42,2.44,0.61,3,22.5
8.67,6.59,17.1,81.0,1.79,1.22,1.04,3,50.8
8.46,4.28,24.8,68.1,0.61,2.08,0.61,0,33.0
5.63,4.37,19.9,73.2,2.13,1.46,0.56,1,30.9
4.63,5.25,21.1,90.3,0.69,0.79,0.21,2,24.9
5.98,4.41,11.1,63.8,3.32,1.58,0.5,2,61.6
8.02,4.88,13.6,80.9,3.1,0.78,0.54,2,55.0
6.74,6.76,19.9,66.5,1.14,0.31,0.3,3,39.4
7.73,4.74,11.1,89.6,2.6,0.82,0.75,2,51.1
5.96,4.72,23.3,80.3,2.2,0.72,0.26,2,30.1
6.61,5.69,25.1,74.1,2.9,1.12,0.35,3,36.7
4.37,5.49,26.6,68.7,1.93,2.25,0.72,0,28.6
7.28,5.71,11.8,75.3,1.08,1.15,0.4,2,51.1
3.82,5.18,26.9,93.5,2.42,2.16,0.8,1,21.7
7.02,6.35,11.2,77.8,0.74,1.52,0.86,3,43.8
8.09,4.56,18.5,76.4,2.25,0.32,0.43,2,43.9
3.36,5.31,25.1,86.1,1.14,0.72,0.2,2,20.0
6.49,5.99,11.3,73.3,2.55,2.35,0.64,3,54.0
3.12,6.46,10.3,75.0,2.98,1.63,0.2,0,51.5
7.22,5.16,10.4,71.8,0.83,2.35,0.67,2,54.3
3.05,5.68,19.2,65.3,1.7,0.98,0.9,3,24.8
8.58,4.38,24.6,85.0,2.7,1.88,0.78,3,40.3
3.39,4.64,12.3,90.6,0.99,2.0,0.59,0,27.8
8.73,4.38,12.2,91.7,2.2,2.45,1.14,3,54.3
7.71,6.09,20.2,90.8,2.52,0.34,0.21,0,47.4
6.36,4.95,14.2,75.8,1.56,2.39,1.07,1,44.1
7.59,6.08,23.1,69.9,3.0,1.16,0.98,3,48.4
7.67,4.37,27.1,82.3,2.03,2.14,0.56,2,35.3
8.65,6.44,23.8,93.4,2.38,1.5,0.27,2,49.2
4.15,6.37,25.8,85.4,0.92,1.54,0.27,2,29.7
6.34,4.43,19.4,77.3,0.57,1.09,1.11,3,30.0
3.12,4.26,25.0,84.1,0.65,2.12,0.36,0,12.4
6.51,4.35,13.3,87.0,3.21,0.88,1.06,1,44.9
3.61,6.42,11.2,92.2,3.15,1.38,0.65,1,49.9
6.17,4.81,21.8,86.7,2.92,1.53,0.61,3,36.2
6.22,5.63,10.9,75.2,1.1,1.93,0.78,2,52.2
5.53,5.31,26.1,69.6,2.08,1.34,0.34,2,35.9
5.9,6.27,22.4,77.5,2.89,1.8,0.57,3,41.1
7.47,5.47,27.1,71.5,2.52,1.37,1.13,3,36.7
7.7,5.5,15.6,93.0,0.85,1.75,0.36,1,42.8
5.7,6.77,18.8,77.8,3.19,1.78,1.11,1,46.3
6.4,4.59,23.4,76.5,0.98,1.86,1.19,0,26.3
8.55,6.36,14.4,72.2,1.02,2.11,0.16,0,56.7
3.28,4.33,19.8,82.4,3.2,1.49,0.68,1,31.8
3.26,5.44,21.9,78.2,1.95,0.73,0.29,2,30.3
3.07,6.5,27.6,64.5,1.62,1.8,0.78,3,24.3
6.78,5.93,23.4,90.4,2.16,0.47,1.19,1,34.1
5.22,5.98,12.1,72.6,3.44,0.78,1.09,2,56.1
7.53,4.88,18.6,75.1,0.86,2.04,1.12,3,37.7
6.86,5.29,20.6,67.2,2.77,1.26,0.33,1,46.2
4.67,5.15,12.6,79.4,1.5,1.4,0.7,0,41.0
8.34,5.56,17.8,84.6,0.85,2.47,0.36,3,41.7
7.46,5.4,15.1,90.8,1.77,0.82,1.09,2,44.0
4.26,5.05,12.1,61.8,2.15,0.34,0.31,0,39.7
4.87,4.99,19.2,94.1,1.12,0.55,0.27,1,27.2
4.54,4.85,13.0,84.6,1.72,0.84,0.11,1,40.0
3.52,5.15,20.6,70.0,2.41,1.9,0.3,0,29.2
3.46,4.59,13.1,67.2,2.23,2.01,0.31,1,43.0
8.58,6.47,23.0,70.4,2.67,1.54,0.19,3,52.5
5.35,5.77,13.5,90.7,3.01,0.86,1.05,2,51.0
4.99,4.55,26.1,70.2,1.73,1.45,0.96,3,22.6
7.24,6.0,10.5,76.2,1.77,0.33,0.38,3,54.9
6.09,6.4,19.4,84.7,1.99,1.8,0.96,1,42.4
8.58,4.82,15.8,90.5,2.2,1.65,0.56,0,48.0
7.57,4.59,14.1,83.0,0.82,0.35,0.95,0,38.1
5.62,4.22,18.5,86.4,1.44,2.1,0.46,3,32.0
4.95,4.32,25.2,66.1,1.02,1.98,0.72,1,21.2
8.91,6.18,26.5,90.7,1.66,0.98,0.52,2,43.6
7.17,6.77,15.5,69.7,3.42,1.7,0.31,1,62.4
8.68,4.32,12.8,64.5,2.25,1.62,0.74,3,52.4
3.27,6.14,23.0,94.2,1.79,0.61,0.93,2,21.6
8.03,4.39,20.5,67.1,2.2,0.73,0.93,3,37.9
6.64,5.74,13.6,64.8,2.51,1.8,0.49,1,55.4
3.29,6.17,23.7,81.9,1.8,2.35,0.67,3,22.0
6.32,5.13,19.3,71.2,1.84,1.57,0.94,2,39.9
6.96,4.23,21.8,64.7,2.6,1.55,0.16,0,37.7
2.58,5.75,16.5,81.0,0.68,1.72,0.18,0,26.7
5.45,6.78,17.9,86.6,2.12,1.27,0.51,1,45.8
7.87,4.87,13.2,87.8,2.14,0.42,0.35,0,46.1
4.42,4.69,23.6,65.4,2.77,1.17,0.51,3,30.9
5.48,4.52,12.8,79.5,3.45,2.28,0.2,0,60.7
5.38,5.64,24.0,88.5,2.89,2.07,0.75,2,43.2
4.46,5.75,24.4,65.6,2.01,2.34,0.84,2,36.4
8.47,6.26,23.4,67.3,1.01,0.64,0.97,2,44.6
7.58,6.16,10.3,60.1,2.26,1.41,0.82,2,61.3
3.22,6.52,14.9,78.4,3.0,1.59,0.54,3,39.2
8.98,6.3,18.4,66.8,3.3,0.76,1.13,3,57.5
8.21,4.84,20.7,85.3,2.98,0.74,0.9,3,43.3
4.35,5.65,26.5,93.7,1.07,2.02,0.68,1,22.3
7.94,4.97,16.8,67.3,2.64,1.78,0.33,2,55.3
3.19,5.06,25.8,82.7,3.14,1.72,0.81,0,27.4
8.99,6.62,12.9,67.4,2.54,0.89,0.75,3,63.2
6.83,5.97,16.7,60.6,2.56,1.41,0.85,0,53.2
6.73,6.73,10.9,86.5,2.0,0.35,0.96,0,52.8
3.09,5.28,23.4,75.2,2.41,0.59,1.11,3,18.5
8.33,5.6,12.7,93.1,1.38,1.44,1.14,3,48.4
2.69,5.47,14.6,78.7,0.77,0.98,0.79,0,27.2
4.07,4.48,24.0,65.5,2.98,2.42,1.16,3,28.8
3.43,4.82,19.6,75.7,3.33,1.34,1.1,0,35.9
7.55,5.57,10.3,67.1,3.07,0.48,0.1,0,65.5
3.79,4.38,10.0,90.7,1.5,0.34,0.8,3,30.3
8.42,6.62,19.2,84.2,0.78,1.9,0.3,0,46.5
6.77,4.52,15.5,71.9,1.34,0.68,0.42,0,40.3
2.74,4.71,13.2,78.5,3.03,0.71,0.43,3,31.7
2.54,6.19,21.0,83.4,2.47,1.23,0.63,2,32.1
2.84,4.45,14.1,87.4,3.4,0.88,0.11,2,36.3
6.44,6.54,20.7,62.8,1.53,1.66,0.36,3,46.4
7.71,6.09,16.8,60.8,2.15,1.37,0.13,0,58.5
4.05,4.38,13.4,64.0,2.87,0.55,0.82,3,39.9
8.02,6.0,12.5,73.8,1.2,2.03,1.08,1,56.0
2.87,5.84,14.3,76.3,3.39,1.24,1.2,2,43.4
7.71,6.17,10.5,64.8,2.28,1.64,0.59,1,61.1
8.53,6.35,15.5,74.4,0.52,0.31,0.39,1,50.4
7.52,6.07,26.2,75.5,0.58,1.68,1.04,1,30.7
7.04,5.72,25.0,63.8,3.15,0.92,0.22,2,44.1
7.95,5.04,16.7,92.1,2.44,1.39,1.17,3,47.1
2.76,6.01,20.4,81.0,2.79,0.95,0.89,0,32.1
3.81,6.69,20.2,73.6,2.85,2.49,0.65,2,50.2
3.31,5.73,24.9,77.7,1.76,0.81,0.21,3,21.3
5.78,5.93,14.3,71.0,2.9,2.31,0.12,2,58.7
7.34,5.34,15.3,89.9,3.31,2.32,0.7,3,57.8
6.6,6.17,15.4,80.1,1.02,1.23,0.56,0,40.7
8.03,6.79,10.7,77.3,2.79,0.97,1.03,1,61.6
3.51,4.62,15.7,91.9,1.42,1.14,0.81,1,22.5
7.28,4.73,25.8,89.3,1.46,2.48,0.58,2,29.3
3.75,5.6,26.4,88.4,1.74,1.66,0.35,1,23.6
4.26,5.45,12.0,67.9,3.09,1.5,0.63,1,47.2
7.11,5.69,18.2,65.4,0.57,0.38,0.28,3,38.5
8.87,4.33,16.9,84.2,1.8,2.17,0.83,0,49.9
6.48,5.25,18.8,76.4,2.54,0.48,0.77,3,40.4
2.85,5.72,20.0,83.9,0.83,0.4,0.99,0,18.0
6.51,5.72,10.4,86.6,2.88,0.9,0.59,1,51.9
2.78,5.91,25.2,70.3,3.33,1.35,0.41,2,34.0
8.25,6.07,27.5,70.0,0.77,2.27,1.02,3,37.0
7.11,5.87,21.8,77.2,0.96,2.04,0.86,3,36.3
3.63,6.25,21.9,69.6,3.42,0.73,0.88,0,36.4
3.1,5.82,19.5,83.4,1.09,1.12,0.68,2,23.9
3.69,5.6,16.0,86.1,0.74,2.02,1.06,1,28.8
8.87,5.78,12.7,76.5,3.36,1.46,0.35,3,63.4
5.48,4.46,20.5,85.3,3.18,0.68,0.54,3,33.0
7.6,4.91,10.8,77.9,2.47,1.17,0.98,0,54.4
6.64,5.57,24.8,85.0,2.15,1.68,0.25,1,35.0
6.22,6.47,17.6,67.9,3.26,2.44,0.99,3,55.3
3.44,5.97,17.5,85.9,2.47,1.76,0.49,3,36.8
8.65,4.44,15.9,85.0,2.48,0.34,0.24,2,55.4
4.46,5.74,27.4,69.3,3.03,1.85,0.19,0,37.4
6.26,4.78,13.1,79.5,2.46,0.85,1.03,1,47.6
7.05,6.11,12.7,89.9,2.01,2.2,0.96,3,49.6
6.72,6.35,13.0,68.7,1.67,1.14,0.42,2,51.3
8.61,5.74,21.9,85.8,2.01,0.74,0.23,0,45.7
3.46,5.74,27.9,93.4,2.07,1.33,0.37,1,21.2
5.8,5.08,14.2,90.3,1.58,0.86,0.33,0,41.4
5.13,5.36,26.3,74.1,1.84,0.82,0.91,1,27.2
5.58,6.45,15.0,81.3,2.91,1.56,0.34,1,45.1
3.27,6.08,21.7,94.7,1.75,1.99,0.34,2,34.1
3.37,5.55,10.7,79.9,0.58,2.14,0.14,3,35.9
4.31,5.16,18.9,64.0,1.35,1.17,0.76,2,29.4
4.48,4.33,21.8,61.6,1.2,0.45,0.86,2,26.1
5.28,4.57,19.7,87.7,2.88,1.36,0.82,1,34.9
6.47,4.7,14.3,74.8,1.85,1.25,0.73,2,46.7
6.63,5.17,24.9,68.6,1.34,0.73,1.16,3,29.2
5.18,6.65,27.5,72.2,2.93,2.27,0.62,0,42.0
5.16,5.51,18.3,86.5,0.56,2.44,1.05,1,27.0
3.91,4.81,21.4,76.3,1.02,0.41,0.81,0,19.7
6.32,4.47,24.2,90.4,2.98,2.05,0.19,0,33.9
4.56,5.08,14.3,85.7,2.15,1.72,0.99,0,41.3
2.73,6.32,25.6,94.1,2.82,0.88,0.74,2,29.9
5.22,5.2,15.0,91.1,3.01,1.7,0.82,3,39.4
5.58,6.21,24.0,68.9,3.33,0.58,0.3,3,38.2
3.97,6.29,12.0,83.1,0.69,0.45,0.58,0,33.3
6.22,4.49,15.2,60.7,2.9,2.49,1.07,2,52.0
6.18,5.78,19.6,94.7,2.63,1.7,0.34,1,43.4
7.06,6.69,19.4,69.1,1.12,0.86,0.1,1,42.6
6.71,5.25,25.3,83.3,3.3,1.29,0.38,2,44.1
6.74,4.33,27.9,89.7,1.71,2.39,0.64,2,32.3
4.56,6.6,11.9,65.6,3.16,1.27,1.0,2,59.5
7.62,6.5,14.9,89.7,2.32,2.28,0.81,0,54.9
6.07,5.56,16.4,60.4,2.08,2.21,1.11,1,50.4
5.3,5.64,18.6,75.5,0.98,1.06,0.6,1,35.7
6.57,4.75,18.9,76.5,3.24,1.83,0.53,0,52.1
4.84,6.33,25.4,73.1,2.17,1.75,0.35,0,35.6
5.83,5.5,23.9,80.5,0.52,2.0,0.34,1,25.5
7.29,4.29,10.3,92.0,0.55,1.11,0.91,0,37.8
8.26,5.98,18.2,71.4,2.83,0.41,0.19,2,54.0
8.49,6.67,21.1,80.3,0.99,0.68,0.37,0,45.1
5.77,6.36,18.3,90.7,2.3,1.66,1.07,0,46.0
5.88,4.92,12.4,87.1,2.54,2.01,0.73,3,49.6
7.7,4.34,17.2,61.4,1.34,1.96,0.15,2,47.0
4.54,6.64,17.4,93.0,2.21,1.58,0.87,2,42.7
7.94,6.64,13.4,61.6,1.22,0.49,0.66,0,54.7
5.71,5.58,23.6,80.6,3.34,0.34,1.04,0,35.4
3.25,5.87,15.8,80.1,3.08,2.02,0.85,3,42.1
2.97,5.4,20.6,87.5,1.36,1.51,0.1,3,23.1
7.97,5.29,19.3,65.2,2.09,2.02,0.33,3,49.2
2.86,4.51,25.8,66.3,2.0,0.66,0.38,3,16.1
4.32,4.45,12.2,86.3,3.38,1.2,0.87,0,45.2
4.67,4.81,12.1,65.2,1.68,2.32,0.66,3,43.6
3.62,6.38,15.4,76.4,2.19,0.68,0.92,1,34.8
4.54,4.58,17.8,85.6,3.29,0.44,0.66,2,39.9
7.33,4.79,15.4,82.8,0.99,1.74,0.46,1,41.6
2.6,5.63,23.7,67.4,2.15,1.61,0.21,2,28.5
7.88,4.76,14.4,70.6,0.82,2.39,0.32,3,46.8
8.07,4.62,11.5,93.9,2.35,2.29,0.54,3,54.0
4.92,5.66,17.4,75.7,1.6,1.95,0.71,2,43.9
3.5,5.16,23.9,61.6,3.4,0.34,1.13,1,25.5
6.41,5.83,25.3,67.7,1.75,1.36,0.36,2,41.9
3.28,6.57,23.2,72.0,0.91,2.27,0.83,1,26.5
4.87,4.59,20.0,95.0,3.0,1.25,0.27,0,34.0
8.73,6.57,23.0,70.6,2.96,2.42,0.89,2,58.6
8.97,6.55,22.3,60.9,2.58,1.74,0.11,0,57.1
7.52,6.36,14.2,78.0,2.75,0.54,0.82,1,49.9
4.52,5.84,19.9,62.9,1.29,1.42,0.28,2,39.1
6.97,5.81,23.9,69.6,2.43,1.83,0.3,3,47.4
7.09,5.86,15.7,94.7,0.61,0.44,0.71,2,35.3
5.02,6.0,21.8,84.7,1.09,1.06,0.51,3,24.7
6.67,4.24,18.7,61.8,3.3,1.88,0.62,3,48.1
2.57,6.69,19.1,75.7,2.72,0.65,0.44,0,35.8
3.86,5.72,11.6,66.0,1.19,1.07,1.15,3,37.9
5.91,6.23,22.0,64.3,0.83,1.82,0.42,1,35.9
3.56,5.18,25.6,80.5,3.35,2.01,0.7,2,31.5
3.58,4.23,12.5,77.7,0.84,1.44,1.04,0,28.1
7.94,5.53,16.6,86.0,1.27,2.41,0.83,2,44.1
8.93,5.52,10.9,91.2,1.05,2.34,0.46,2,56.3
6.11,5.34,10.5,68.6,0.52,1.34,0.71,3,44.0
7.95,5.08,27.8,92.3,1.44,0.65,0.19,3,29.6
8.94,4.85,18.9,78.1,3.42,2.0,0.7,3,58.2
3.42,5.57,16.4,69.1,1.53,0.83,0.57,2,35.5
5.41,5.18,14.9,89.6,2.01,2.15,0.93,3,33.8
5.05,6.72,27.6,61.2,2.74,1.59,1.03,0,36.5
3.02,4.65,14.5,79.6,2.15,1.17,0.32,3,33.6
7.41,5.03,23.1,85.3,2.73,1.52,0.19,0,47.4
5.32,4.96,15.1,69.8,2.48,1.47,0.53,1,46.8
5.55,5.61,11.3,90.2,2.33,2.33,0.69,3,48.1
3.48,5.5,22.3,68.4,2.45,0.77,0.51,2,28.7
3.68,5.87,10.0,89.4,2.9,2.34,0.79,3,47.3
8.4,6.67,22.2,62.7,2.63,0.37,0.66,2,54.2
2.79,4.94,14.5,65.6,2.88,1.99,1.13,2,45.2
4.01,6.0,23.4,73.3,0.94,2.32,0.55,0,29.8
4.4,4.27,23.9,89.9,2.53,1.17,0.19,3,23.1
5.69,4.88,23.0,65.1,2.71,0.46,0.43,2,37.6
6.31,5.41,10.4,90.6,1.4,2.07,0.77,2,51.4
5.71,4.28,22.7,68.0,3.12,2.15,0.38,1,40.4
3.05,5.81,27.8,75.8,1.41,1.04,0.4,3,13.5
4.08,5.96,14.4,72.3,1.23,1.44,0.47,1,34.7
7.98,6.14,14.9,64.1,3.1,2.08,0.92,0,67.8
6.64,5.54,24.6,93.1,1.24,0.72,1.13,0,23.3
6.72,5.77,12.9,75.3,1.75,1.68,0.49,2,58.0
6.86,5.23,21.9,84.2,1.6,1.25,0.32,2,33.7
7.46,4.31,23.6,80.1,3.19,0.68,0.56,0,38.2
2.88,4.46,10.7,77.6,1.87,2.13,0.49,2,41.9
4.88,5.9,20.0,81.6,2.58,1.01,1.19,3,34.5
6.01,6.79,20.4,91.4,2.88,2.36,0.61,2,48.2
4.7,4.24,15.5,84.5,2.38,1.55,0.85,3,34.7
7.99,5.65,25.8,78.6,3.33,1.43,1.11,0,46.2
5.64,6.15,12.9,82.6,2.91,1.23,0.79,1,50.1
7.5,6.35,16.6,81.2,1.7,1.18,0.37,2,50.6
8.04,5.62,25.3,75.2,3.35,2.1,0.77,1,48.1
5.78,5.81,13.4,81.9,2.07,1.79,0.54,0,48.0
8.41,6.01,24.8,75.5,0.57,2.0,0.56,1,43.9
6.32,6.43,11.4,86.5,1.28,1.23,1.18,1,45.7
8.03,4.52,18.8,93.9,2.37,0.88,0.41,0,42.0
4.71,6.61,11.4,93.6,0.97,0.49,0.62,1,36.7
5.74,4.27,22.2,88.7,2.25,2.01,0.28,1,36.3
5.95,6.37,24.2,81.1,1.58,1.21,0.3,3,28.8
3.18,4.4,25.3,86.2,2.1,1.42,0.76,1,17.2
5.09,4.71,27.7,66.2,0.51,1.33,0.93,1,15.1
8.46,4.21,22.1,76.8,3.05,1.25,0.8,1,39.8
6.6,5.36,23.8,69.0,1.59,1.8,0.46,2,37.2
3.65,5.07,19.1,60.1,0.92,1.64,0.17,1,29.0
4.7,4.63,26.4,93.8,1.81,2.44,0.62,3,18.9
3.75,5.37,21.6,90.2,1.96,0.61,0.65,1,23.8
2.66,5.25,25.9,78.0,2.41,1.56,0.95,1,24.2
8.53,6.2,14.2,68.9,2.07,0.44,0.8,0,57.3
5.41,6.52,18.9,84.3,0.63,2.08,1.06,3,29.8
4.5,5.9,23.1,75.2,3.11,1.66,0.96,1,34.3
6.39,4.52,13.6,88.1,1.87,1.24,0.5,0,42.0
2.55,4.97,13.8,95.0,0.73,2.06,0.8,0,25.0
4.31,6.57,27.6,72.2,2.82,1.3,0.92,1,31.5
7.07,4.43,17.8,68.6,2.48,0.8,1.15,3,40.5
6.62,5.26,13.3,69.4,2.45,1.34,0.56,0,57.0
8.88,6.65,16.0,63.3,1.78,0.46,0.81,0,57.3
6.53,6.67,17.2,73.8,1.73,2.28,0.53,2,50.7
5.6,5.27,21.2,60.6,2.11,1.91,0.91,1,41.0
7.45,5.94,26.6,64.0,0.65,1.97,1.1,3,34.9
8.37,5.39,27.8,69.5,1.4,2.22,1.11,3,35.6
7.18,6.16,21.7,65.6,3.46,2.04,0.27,2,57.5
8.76,4.28,22.6,85.6,2.49,1.25,0.32,1,42.8
7.58,4.57,15.8,63.7,1.76,0.56,0.93,2,45.4
8.13,5.8,25.4,90.3,1.17,1.12,0.79,2,31.2
3.24,4.8,13.9,67.7,2.74,2.35,1.1,1,41.1
7.26,5.93,11.9,63.8,1.28,2.39,0.45,1,58.0
5.36,5.11,27.5,60.4,0.99,1.99,1.03,3,26.1
6.1,6.51,25.6,85.0,0.96,0.75,0.85,2,28.5
6.75,6.33,15.5,69.0,2.69,0.73,0.32,1,53.4
8.8,5.48,22.2,77.8,2.43,2.24,0.24,3,50.4
8.9,6.21,18.4,63.9,0.71,0.61,0.87,1,45.7
4.37,4.9,15.8,94.5,0.85,1.59,0.27,0,30.4
7.27,5.49,15.2,64.4,2.4,1.13,0.97,3,49.6
7.37,4.71,12.4,74.4,2.21,0.96,0.71,3,48.3
4.75,6.44,19.9,89.8,2.56,1.79,0.62,1,41.5
3.31,6.34,18.0,68.6,1.03,2.41,0.4,3,36.4
2.77,6.55,19.2,69.3,2.68,2.01,1.18,1,35.0
7.55,6.48,13.9,88.3,3.31,1.37,0.89,2,61.9
5.68,6.69,26.9,69.6,2.3,1.27,0.96,0,35.8
8.91,4.79,21.5,60.1,1.09,2.3,0.95,2,45.6
5.52,6.62,26.2,75.0,2.54,1.57,0.74,0,34.7
8.86,5.69,12.0,60.4,1.53,1.39,1.13,0,59.4
5.18,5.3,21.2,91.8,0.65,1.8,0.74,3,25.1
7.66,5.66,25.3,82.5,1.41,0.82,0.67,0,34.1
3.05,5.09,16.0,80.4,3.22,0.44,0.4,1,34.2
6.11,4.95,13.5,67.1,1.73,2.18,0.41,3,47.1
7.71,4.83,14.8,84.5,3.09,1.64,0.91,3,54.5
8.51,4.41,14.9,83.7,2.03,0.66,0.47,1,44.9
7.85,5.49,18.0,62.1,2.05,0.96,0.9,0,46.4
2.74,6.51,15.9,90.8,0.52,2.48,1.15,1,27.9
4.92,5.84,14.9,80.3,2.41,1.7,0.58,2,52.6
2.82,5.55,21.7,87.7,0.82,1.7,0.21,1,16.7
3.21,5.31,11.0,69.2,1.94,0.46,0.83,2,41.1
6.89,5.41,16.1,64.3,1.28,2.43,0.11,3,50.1
7.14,4.74,22.4,84.6,1.68,2.26,0.97,2,32.7
7.53,6.34,13.2,87.8,2.11,1.51,0.68,2,58.6
8.13,4.72,14.0,73.5,0.54,0.98,0.64,2,46.6
7.31,6.06,13.6,60.8,1.35,1.84,0.73,0,54.2
7.71,6.18,10.0,88.6,3.47,2.13,0.67,2,68.3
2.82,5.69,18.5,67.2,0.67,2.03,0.46,3,24.2
4.02,6.44,10.7,71.9,1.46,2.45,0.41,2,50.5
6.54,4.96,14.9,82.0,1.46,1.7,0.56,3,39.8
8.08,6.49,27.9,63.5,1.64,1.01,1.08,3,35.5
2.53,6.1,26.5,62.5,2.55,1.4,0.25,1,25.5
5.85,6.28,13.9,60.9,1.24,2.1,0.46,1,52.1
6.9,5.93,15.6,92.1,1.88,0.88,0.31,3,40.6
2.69,6.4,18.3,70.9,2.43,0.81,0.57,1,29.2
5.11,6.78,25.2,83.1,1.47,1.89,0.25,2,39.2
8.32,5.29,24.4,94.6,3.35,1.28,0.94,2,46.0
6.87,6.32,12.3,83.4,3.44,2.1,0.21,0,64.0
4.04,6.14,12.2,78.4,0.86,0.62,0.83,1,34.0
8.04,5.38,17.5,78.2,1.53,1.04,0.39,1,45.2
4.76,6.61,25.7,73.2,1.12,0.89,0.62,0,26.8
8.05,5.23,25.9,81.0,1.06,1.84,0.32,3,34.1
4.44,5.67,11.9,93.6,1.97,1.97,0.9,3,38.0
6.34,4.48,20.3,87.6,2.19,1.3,1.14,3,30.8
5.08,4.79,12.8,74.8,1.78,1.35,0.34,0,36.9
4.29,6.39,22.4,71.6,1.32,0.59,1.15,1,29.4
8.26,5.23,26.5,90.9,1.34,1.84,0.46,0,35.0
3.72,5.22,18.2,64.8,3.48,2.48,0.71,0,47.1
3.05,4.84,11.5,89.7,3.27,2.01,0.87,2,45.7
4.72,5.48,20.4,68.9,0.73,0.79,0.32,3,27.2
7.16,6.3,17.4,85.0,2.47,1.67,0.59,0,52.5
7.75,6.53,24.6,88.2,1.87,0.95,0.17,2,44.7
8.99,4.38,16.1,76.7,2.57,0.37,0.87,0,47.5
4.43,5.69,25.7,66.7,2.29,0.7,0.56,3,23.6
5.15,5.41,14.9,89.6,3.17,0.53,1.08,0,42.8
3.39,5.8,12.8,72.9,0.7,0.73,0.4,1,29.7
6.24,5.36,15.5,71.2,1.55,2.05,1.12,0,48.6
8.98,5.24,10.6,77.9,3.46,0.94,0.26,1,66.4
7.06,5.43,15.1,75.2,1.05,1.97,0.77,1,42.5
6.37,5.71,21.9,83.9,0.88,2.39,0.44,2,37.6
5.05,5.5,12.6,64.8,2.69,1.56,0.3,3,49.6
8.45,5.43,12.0,75.2,2.83,1.37,0.2,3,60.2
5.73,6.33,12.4,91.2,2.52,1.95,0.82,1,51.9
3.37,6.14,11.4,61.3,2.83,0.51,0.36,3,45.5
4.87,5.09,25.7,76.0,2.58,1.24,0.73,1,24.4
2.94,6.28,27.0,83.1,0.91,1.4,1.18,0,11.0
3.81,6.42,10.8,91.1,2.32,2.13,0.45,2,49.8
2.61,4.6,23.7,80.8,2.83,2.09,0.14,2,30.0
5.45,5.71,23.3,88.9,3.1,2.17,0.26,1,39.1
6.62,4.94,27.9,67.8,1.24,1.84,0.23,2,35.0
4.73,6.12,16.3,72.3,0.88,1.47,0.61,1,35.9
5.23,4.82,15.1,93.0,2.84,2.12,0.92,0,47.2
8.73,5.95,18.2,91.0,1.27,2.22,0.43,1,51.7
7.39,4.86,25.4,79.5,0.6,1.36,0.26,1,29.9
6.02,5.53,23.1,76.6,2.98,2.47,0.8,1,39.2
4.35,6.67,18.5,75.8,2.02,2.22,0.43,3,41.1
8.33,5.19,14.4,62.1,1.48,1.42,0.73,1,54.2
4.03,6.48,23.1,91.2,0.53,0.45,1.13,2,22.0
4.61,6.77,25.4,88.6,0.61,0.79,0.42,0,25.2
8.41,6.47,17.2,76.0,2.88,2.01,0.66,1,56.6
5.94,4.63,22.0,69.8,1.97,0.54,0.99,3,33.2
7.33,6.33,17.2,72.0,0.95,1.33,0.86,3,41.1
6.34,4.28,18.6,64.3,1.58,1.63,0.93,3,29.8
6.75,5.22,19.4,85.3,1.0,2.23,0.95,0,36.8
4.45,6.46,24.0,79.5,0.84,2.16,0.69,3,20.6
4.07,5.99,27.6,68.2,1.33,1.98,0.69,1,21.0
4.6,5.59,18.0,81.8,2.15,1.2,0.89,0,43.1
3.51,5.21,16.2,94.3,1.13,0.61,0.87,0,24.0
8.18,6.31,16.7,64.3,1.53,1.77,0.84,3,48.5
4.34,6.04,12.4,76.0,1.93,0.7,0.52,2,45.1
6.15,5.42,15.3,77.3,1.76,1.53,1.01,2,43.3
7.65,6.52,11.6,65.8,0.89,2.46,0.36,3,59.2
7.59,4.8,17.7,78.6,0.62,1.51,0.27,0,37.5
5.35,4.64,13.0,81.2,0.61,1.72,0.48,0,37.2
5.6,5.87,16.2,65.5,1.55,1.79,0.38,3,40.1
8.97,6.73,24.3,65.4,2.66,2.13,0.83,2,64.9
6.88,4.84,14.4,90.0,0.89,1.26,0.35,3,38.3
7.8,4.85,21.0,70.9,2.86,1.39,0.82,2,48.4
8.37,4.56,26.2,82.1,2.65,0.69,0.66,0,36.7
7.62,6.44,20.2,81.9,0.51,1.65,0.27,2,42.8
3.7,4.79,13.5,89.4,0.58,0.95,0.38,3,22.4
6.15,5.51,16.2,85.9,1.09,1.42,0.67,0,37.3
3.16,6.78,20.6,89.4,0.67,1.99,0.91,0,31.2
6.74,4.23,19.1,81.9,2.09,0.34,0.54,1,32.1
8.71,5.65,12.7,75.7,0.62,1.54,0.36,1,46.0
5.83,5.53,18.0,73.8,2.91,0.68,0.42,2,43.9
5.31,6.3,19.8,73.3,1.98,0.91,0.2,0,43.5
2.73,5.12,14.8,74.6,2.68,0.38,0.13,3,31.7
8.74,5.27,21.0,64.5,2.75,0.67,1.17,0,49.3
3.17,4.64,11.3,74.8,2.02,2.47,0.21,0,44.8
2.77,6.13,16.1,73.6,3.28,2.5,0.24,3,42.2
4.1,6.24,24.5,61.2,3.47,1.88,1.06,1,40.7
2.93,4.56,14.7,69.6,1.58,1.65,0.83,2,31.0
5.46,5.22,20.9,86.3,0.88,2.01,0.58,1,30.4
5.85,6.52,17.4,80.2,1.59,2.27,0.81,1,43.4
4.53,4.21,15.7,88.2,1.17,1.44,1.13,2,28.9
2.83,4.98,26.5,79.0,2.09,0.38,0.21,3,16.3
3.23,5.64,16.2,89.9,1.64,1.86,0.37,0,35.7
5.0,5.07,14.3,87.9,1.94,2.47,1.05,3,38.6
2.89,4.91,26.4,63.4,2.79,0.87,0.96,0,21.6
7.04,5.4,23.4,94.2,1.32,1.32,1.19,3,32.6
3.85,4.67,22.3,60.5,2.11,1.09,0.45,3,27.5
4.46,5.58,10.9,80.9,1.51,1.16,1.14,3,36.9
5.06,6.04,12.4,87.7,2.85,1.89,0.48,2,52.5
5.21,5.7,21.5,71.6,2.42,1.13,0.89,3,37.3
2.51,4.44,13.8,80.9,0.53,2.37,1.07,3,22.2
3.23,6.4,14.1,72.7,2.48,2.04,0.29,2,48.0
8.11,4.65,24.0,62.1,1.01,0.36,0.33,3,31.5
2.51,6.19,15.1,60.3,2.67,2.1,0.74,1,43.0
5.8,5.14,11.3,63.3,2.2,2.0,1.03,3,49.1
5.68,6.24,10.7,63.4,1.7,1.44,0.19,3,54.9
4.67,4.74,18.0,81.4,2.58,1.39,1.04,2,40.6
5.3,4.69,21.1,78.4,3.07,2.14,0.48,0,42.1
7.57,5.49,25.6,75.9,2.84,1.23,0.55,0,46.3
7.97,4.29,12.0,84.2,2.14,0.65,0.47,0,49.5
4.19,4.79,13.5,60.6,2.67,0.99,1.1,2,45.3
4.6,6.08,19.5,69.5,1.74,0.88,0.24,1,37.8
4.08,6.38,16.6,87.2,2.87,1.8,0.73,3,44.3
5.62,4.41,18.7,91.8,2.99,0.69,0.26,1,37.8
6.94,6.49,26.6,75.3,0.91,1.72,1.12,0,35.5
3.98,6.27,19.8,62.9,1.21,1.33,0.98,2,39.8
4.65,6.46,17.5,88.0,1.31,2.15,0.36,0,38.7
8.55,6.02,27.8,91.0,1.0,1.37,0.43,3,31.6
2.82,5.95,11.2,74.5,1.68,2.35,0.52,0,42.7
5.5,5.57,26.8,68.5,1.08,2.28,0.55,1,27.0
7.13,5.9,19.0,61.5,2.29,0.71,1.0,3,39.5
3.48,6.59,19.1,80.7,0.8,1.81,0.72,2,36.1
2.81,4.46,26.6,91.8,1.31,0.77,0.57,3,8.0
3.4,5.02,19.1,83.7,2.5,2.11,0.89,1,31.5
8.47,4.39,17.9,71.1,1.7,1.7,0.6,3,40.6
2.56,6.66,14.9,82.5,1.76,0.95,0.24,2,39.4
3.72,5.36,21.9,89.1,2.89,0.85,0.22,2,30.9
2.7,5.96,20.3,76.7,3.45,1.25,0.46,0,34.5
3.22,6.39,13.9,88.7,2.2,2.06,0.76,3,39.6
6.53,6.78,22.8,73.7,0.74,2.05,0.25,0,39.1
4.07,4.62,21.6,72.2,0.81,0.37,0.71,1,16.0
6.2,6.28,17.2,80.4,3.41,0.97,0.4,2,55.0
6.34,6.51,10.1,76.3,2.54,1.23,0.86,3,57.9
8.02,4.33,18.0,94.2,2.76,1.59,0.13,2,47.3
2.53,6.16,10.1,78.1,2.53,0.63,0.62,1,38.2
8.05,5.12,11.3,73.5,1.04,1.04,0.16,1,50.0
6.52,5.89,17.8,73.8,1.85,2.25,0.46,3,47.2
3.56,5.54,11.5,79.2,2.89,1.35,0.12,1,48.8
7.52,4.88,15.0,72.4,3.1,1.94,0.62,3,51.1
8.06,4.55,21.8,85.3,1.21,1.37,0.94,0,34.5
4.15,4.5,15.6,73.3,2.29,1.32,0.21,2,42.2
8.47,4.47,28.0,73.4,0.97,1.67,0.91,2,37.0
5.45,5.86,26.5,81.6,3.37,0.87,0.74,2,35.1
6.42,5.11,20.5,62.1,1.26,0.85,0.66,1,32.3
8.9,4.76,27.4,82.9,2.68,2.48,0.76,2,46.3
4.85,6.0,25.6,77.7,1.19,2.21,0.47,1,26.6
7.79,5.99,15.7,75.9,2.35,1.92,0.88,2,55.8
4.57,5.6,23.5,85.2,2.48,0.6,0.96,3,26.8
7.69,6.63,12.5,86.5,1.49,0.37,0.96,2,57.0
6.4,5.2,22.3,89.6,2.96,0.69,0.4,2,37.1
3.91,6.37,18.8,73.1,3.16,2.36,0.82,3,47.2
5.19,4.4,10.3,71.4,3.07,2.1,0.26,0,52.2
4.56,6.12,14.9,85.0,1.49,1.45,0.64,2,42.4
3.01,6.77,27.2,80.4,2.73,2.43,0.1,2,39.1
2.69,6.4,15.7,82.1,2.18,0.62,0.31,2,38.2
4.75,5.71,13.3,79.4,2.28,1.53,0.79,0,44.9
2.62,5.83,13.4,87.0,1.93,0.7,1.06,3,31.3
3.58,5.12,18.6,66.7,2.3,0.97,0.15,0,34.2
7.21,5.97,25.2,79.4,0.91,2.37,0.71,1,36.2
7.1,6.2,23.6,65.5,1.73,2.21,0.8,2,45.7
7.3,6.8,17.9,74.3,1.03,0.52,1.13,1,44.2
4.56,5.48,13.8,83.2,1.34,0.85,0.82,0,32.6
8.29,4.36,10.8,77.3,0.88,1.61,0.21,2,49.5
6.36,5.75,18.3,73.3,1.14,0.43,0.26,1,33.1
3.32,4.51,24.7,91.0,2.85,1.51,0.8,3,20.0
3.43,4.84,23.1,87.0,2.15,1.59,0.34,3,18.4
7.01,5.05,17.4,78.4,0.57,0.94,1.12,1,31.3
3.62,6.1,20.7,93.3,2.87,0.94,1.11,2,31.4
5.8,4.68,17.9,74.9,3.23,0.8,1.14,0,45.7
8.95,4.63,20.4,87.6,3.14,2.36,0.42,3,48.4
2.53,4.32,19.3,65.9,2.97,1.16,0.89,0,25.9
2.61,6.47,22.3,70.0,3.48,1.59,0.83,3,35.5
8.96,6.0,19.1,71.8,2.26,0.96,0.14,3,56.7
6.3,4.3,26.9,63.7,3.39,1.85,0.39,1,36.6
3.32,4.27,17.7,77.6,3.35,0.52,0.33,3,30.2
8.33,5.65,10.3,66.7,1.44,0.46,0.51,2,61.4
8.22,4.93,14.3,82.2,3.09,1.94,1.15,2,61.2
5.99,5.75,19.0,66.7,2.88,1.9,1.03,1,47.7
6.54,5.33,19.7,64.3,2.83,0.88,0.42,0,45.2
4.28,6.6,19.9,93.9,3.19,1.08,0.68,2,43.5
2.83,4.95,22.9,83.0,1.65,2.41,0.31,0,21.1
6.36,5.97,14.9,92.8,1.7,0.53,0.41,1,39.8
4.42,4.34,22.0,77.1,2.42,0.7,0.17,0,32.2
6.81,6.69,22.7,61.2,2.71,1.25,0.81,0,52.7
7.94,6.75,17.4,80.1,3.14,0.92,0.82,0,59.4
2.62,6.12,17.2,79.5,3.13,1.73,1.02,0,34.5
6.37,5.41,13.2,60.5,2.66,1.82,1.06,3,49.1
4.0,4.77,17.5,90.1,3.37,1.46,0.28,3,34.5
8.18,6.31,24.2,81.7,1.04,1.64,0.92,3,37.0
4.15,6.11,26.4,86.1,3.35,1.25,0.25,0,31.2
6.47,4.78,20.7,77.3,0.69,1.97,0.51,3,29.8
6.1,5.37,15.4,81.6,2.17,0.39,0.67,2,48.4
5.08,5.4,22.3,69.0,0.77,0.99,0.15,3,26.7
6.9,6.35,23.3,94.1,2.2,1.81,0.27,3,40.8
7.22,5.98,16.0,74.0,1.67,1.03,0.4,1,44.8
6.19,5.87,24.9,65.7,0.74,0.47,0.24,2,27.4
7.43,5.89,11.3,62.0,2.44,1.06,1.13,2,57.7
8.89,4.9,10.2,82.3,2.69,1.87,0.42,1,58.0
5.23,5.17,12.2,94.4,1.02,0.57,0.65,1,33.5
5.84,4.32,12.8,91.4,2.58,1.89,1.2,0,45.2
2.58,6.25,25.8,84.6,1.04,2.01,0.72,0,17.3
7.67,5.33,17.6,94.7,0.91,1.7,0.55,3,38.4
5.88,5.34,14.9,85.3,0.94,0.84,1.12,2,40.8
5.15,4.84,17.7,71.9,2.3,2.07,0.34,2,48.6
3.11,4.74,17.1,81.0,2.84,0.77,0.3,2,36.4
8.28,5.73,15.4,62.8,2.29,2.29,0.69,1,58.1
5.07,4.8,12.5,67.8,2.93,1.85,0.57,0,52.4
6.94,4.37,21.8,74.6,2.27,0.42,0.98,3,35.0
3.47,6.2,12.5,67.1,2.89,2.06,0.15,3,44.2
8.75,5.18,24.0,93.4,3.43,1.41,0.78,0,51.7
3.66,5.19,13.6,94.8,1.67,1.3,0.88,3,28.7
3.8,5.32,23.2,73.0,0.95,1.23,1.17,1,18.0
8.08,6.32,24.5,84.8,0.91,1.63,0.26,2,40.8
8.43,5.03,12.3,74.3,2.29,1.89,0.37,0,60.8
3.88,6.17,11.6,64.9,2.14,2.27,1.13,1,44.6
5.55,6.64,27.1,71.8,1.05,0.9,0.79,0,28.0
7.27,5.92,18.3,68.2,3.15,1.69,0.14,3,55.6
8.21,5.32,21.3,71.5,3.37,1.81,0.19,1,54.1
4.96,6.14,10.4,67.5,1.26,1.78,0.96,1,47.5
5.86,5.39,15.0,63.9,1.12,1.38,0.72,2,43.1
7.32,5.28,19.1,67.6,1.14,1.16,0.72,3,39.8
7.25,5.57,26.0,91.7,1.66,1.98,1.07,1,35.0
7.59,5.03,14.9,63.0,3.06,0.96,0.37,2,60.6
6.2,4.47,24.0,71.4,2.29,0.76,0.28,2,35.7
3.18,5.28,21.9,78.5,0.7,1.5,0.78,1,20.6
8.38,4.52,12.1,72.4,1.92,0.89,1.07,3,50.8
8.13,5.27,15.3,78.1,0.77,0.37,0.39,0,50.1
7.69,5.65,14.3,61.5,1.72,0.41,0.85,3,50.9
3.15,6.62,18.0,82.7,1.71,1.83,0.27,1,34.7
3.83,4.29,21.4,79.7,2.45,2.44,0.29,0,29.4
7.33,5.82,17.8,83.8,2.15,1.3,1.09,3,43.3
2.65,5.39,14.4,79.9,3.12,0.62,0.23,3,34.7
8.86,4.25,22.5,75.3,0.55,2.1,0.13,3,36.7
4.95,4.85,20.5,72.3,2.82,0.88,0.95,0,33.9
7.18,4.51,19.3,67.9,0.57,2.49,0.5,3,38.8
8.27,4.76,20.0,77.5,1.41,1.54,0.54,2,40.8
5.07,4.91,14.0,60.9,3.14,0.81,0.98,3,40.1
4.57,5.24,22.2,71.5,2.57,1.39,0.3,1,33.5
6.46,5.58,17.0,83.7,1.02,1.04,0.82,3,33.0
6.28,4.2,16.5,63.8,1.97,2.01,0.44,2,42.5
5.16,4.62,12.7,62.2,2.67,0.53,0.21,1,42.8
6.41,4.44,20.7,82.8,3.31,2.19,0.86,0,42.0
8.58,5.63,20.8,73.9,2.4,1.99,0.45,3,50.3
5.54,5.06,16.1,88.1,0.57,2.2,1.05,2,33.8
3.78,5.63,25.5,92.8,2.0,2.27,1.11,0,23.9
4.95,4.78,25.2,93.5,0.96,0.81,1.03,0,16.8
5.06,4.26,12.0,74.9,0.64,1.45,0.45,3,35.1
3.35,6.65,22.5,69.3,2.3,2.17,0.36,0,41.7
3.56,4.48,17.1,81.3,2.83,1.13,1.08,0,32.9
6.95,4.53,28.0,82.0,0.61,0.43,0.6,2,21.5
4.71,4.58,14.1,81.8,2.85,0.94,0.88,3,37.1
8.71,6.75,15.0,71.3,2.62,0.83,1.01,1,61.0
4.08,5.81,18.0,62.2,2.76,2.21,0.41,2,48.5
3.14,5.79,14.8,67.4,1.23,1.32,0.23,2,40.6
7.4,6.77,22.5,65.4,1.68,1.8,0.79,2,44.8
8.23,4.43,18.7,64.3,0.86,2.42,0.75,2,45.1
4.31,6.73,14.0,92.4,1.22,0.96,0.4,0,40.2
3.81,4.73,19.1,60.5,1.41,1.97,0.74,2,32.8
3.71,5.82,26.0,81.1,1.46,0.35,0.97,0,16.5
5.89,5.29,24.3,93.2,1.03,0.53,0.49,2,22.5
5.54,5.2,19.0,72.6,1.07,0.66,0.37,3,31.9
4.19,6.62,15.2,78.4,3.2,0.99,0.9,3,43.0
2.79,4.59,13.2,84.4,2.85,1.19,0.96,0,30.6
5.63,6.79,25.8,71.1,1.53,1.35,1.15,3,33.2
8.74,5.19,22.8,76.7,3.34,0.84,0.26,1,50.2
6.74,5.89,20.3,88.6,1.22,0.45,1.08,0,33.9
5.72,6.72,25.8,86.1,1.72,1.79,0.94,2,33.8
3.22,4.35,12.2,88.3,2.94,0.35,0.87,2,35.6
4.14,6.6,22.3,94.6,1.83,2.08,0.44,1,35.3
4.42,5.68,13.9,73.0,1.2,2.34,0.12,2,40.7
7.47,6.03,12.2,86.1,1.61,1.86,0.66,2,52.3
8.2,4.59,18.4,81.1,2.0,1.61,0.41,0,45.1
8.36,5.59,17.0,83.3,2.36,1.75,0.42,2,56.2
8.9,5.95,26.9,85.9,1.72,1.73,1.12,1,37.5
8.89,5.39,15.8,86.2,1.79,2.35,0.27,0,57.7
8.69,4.6,24.7,91.0,1.29,2.42,1.13,1,37.2
2.97,4.83,23.5,72.2,2.11,1.24,0.65,3,21.0
3.4,6.42,22.0,82.9,1.16,1.66,1.02,2,29.8
4.48,4.29,26.6,69.8,3.1,2.07,0.41,1,29.8
6.09,6.04,17.3,80.8,2.74,0.3,0.8,1,43.2
3.13,6.8,17.0,86.3,1.73,1.46,0.71,3,29.8
8.0,4.22,12.9,87.7,2.74,1.74,1.12,2,51.3
6.51,4.62,15.0,74.7,0.52,1.88,0.3,3,33.2
6.03,5.95,25.8,77.8,1.53,1.11,0.33,2,33.5
3.57,4.36,18.5,71.7,1.82,0.95,1.14,3,23.6
4.15,5.73,16.1,65.9,1.91,0.7,0.21,2,37.2
3.54,5.98,13.9,69.1,2.75,1.53,0.8,1,43.8
8.04,5.73,18.7,91.9,3.39,2.32,0.17,1,54.1
6.3,5.15,22.9,70.8,1.64,2.27,0.18,0,36.4
7.28,6.01,15.2,94.1,1.55,1.09,0.76,3,41.8
4.42,5.75,23.6,68.5,2.33,0.87,0.71,3,26.5
4.91,4.74,21.3,85.3,1.34,2.04,0.73,2,31.8
5.13,5.66,24.2,80.1,0.92,1.89,0.62,1,25.9
7.44,6.49,14.5,84.4,3.38,1.41,0.92,0,62.8
7.52,5.93,21.4,82.5,2.93,1.16,1.19,2,47.6
3.84,5.43,12.8,84.7,3.38,0.57,0.4,0,43.7
8.62,5.04,16.5,91.7,1.15,2.03,0.46,2,53.6
3.28,4.42,23.0,79.7,0.55,1.66,0.46,1,10.1
8.32,4.84,21.4,62.4,1.81,1.13,0.94,3,43.8
3.15,4.23,13.4,69.5,3.3,2.32,0.48,3,44.9
4.22,6.77,25.5,84.8,0.91,1.75,0.84,0,28.2
8.0,4.78,11.0,77.3,0.85,2.34,0.59,1,49.4
3.67,6.32,20.7,79.2,0.71,1.34,0.77,3,27.6
5.19,4.64,27.7,80.9,2.8,1.3,1.01,0,25.9
5.42,4.94,19.6,73.4,2.86,2.36,0.67,2,43.7
4.09,5.29,24.4,87.1,2.59,2.41,0.62,0,30.8
7.12,5.04,20.7,85.3,0.66,2.41,0.39,1,33.6
8.03,6.28,24.1,85.0,2.67,2.1,0.67,0,47.2
8.18,6.69,21.8,85.0,1.85,1.32,0.39,0,51.5
4.71,6.48,22.4,91.2,0.97,0.76,1.03,1,22.4
5.95,4.6,14.1,80.8,1.39,1.14,0.53,0,39.1
4.11,6.22,23.4,93.8,2.0,2.36,0.24,3,27.1
4.09,4.58,14.3,64.2,1.49,1.1,0.36,2,37.3
3.55,6.57,27.7,82.1,3.41,1.96,0.69,1,29.5
8.61,5.55,14.1,85.1,1.92,2.33,1.11,1,51.5
8.27,5.07,14.3,76.7,1.62,2.43,0.43,3,51.7
7.55,4.61,25.5,70.1,2.52,2.38,0.39,3,42.2
5.86,4.23,14.4,79.3,2.45,1.52,0.55,0,44.9
5.69,4.84,16.5,72.8,0.51,1.38,1.16,2,35.1
5.94,6.58,22.9,91.8,2.36,2.47,1.03,1,40.2
5.99,6.27,12.9,72.5,1.23,0.78,0.26,3,43.7
5.32,6.72,12.9,66.1,1.63,0.71,0.78,3,47.5
3.36,4.46,18.8,80.2,2.62,2.42,0.97,2,33.1
3.32,5.74,14.4,73.9,2.17,1.82,0.94,2,43.8
8.69,4.87,14.2,63.4,1.61,1.48,0.64,0,57.3
5.63,5.61,10.2,79.8,1.0,0.59,0.91,3,37.4
8.7,5.03,16.7,78.8,2.02,1.43,0.74,2,51.0
3.56,4.94,15.7,66.1,1.46,2.38,0.32,1,33.7
6.1,5.69,10.6,80.9,3.24,1.63,0.16,0,56.3
3.85,4.68,21.2,79.9,2.1,1.19,0.51,2,27.9
4.15,5.42,21.3,87.1,3.1,1.51,0.17,1,38.5
2.7,5.89,11.3,72.7,1.67,2.25,0.53,2,41.2
3.27,4.53,15.7,68.7,2.98,2.31,1.01,1,41.1
8.46,6.62,25.7,93.3,0.67,1.18,1.03,0,34.5
4.59,5.51,20.5,79.6,1.39,1.64,0.14,1,36.4
6.45,6.33,17.4,60.9,0.73,0.91,0.18,3,39.1
5.52,5.9,18.4,88.7,0.59,1.29,0.84,3,29.0
5.1,6.05,13.7,66.9,3.26,0.78,0.65,1,48.2
5.96,6.06,24.6,87.5,2.65,1.47,0.26,3,34.7
3.72,6.48,26.5,84.7,2.38,1.57,0.99,0,31.9
8.93,5.8,26.4,93.9,2.1,1.04,0.34,3,39.6
7.82,4.92,14.0,93.8,2.21,0.9,0.19,3,49.0
7.32,4.46,15.6,69.6,2.42,0.63,0.92,0,42.7
5.55,5.78,12.9,86.8,2.98,0.61,0.77,2,52.0
3.49,4.37,15.5,71.1,2.29,1.87,0.53,1,31.7
8.48,4.83,16.0,82.0,2.75,0.79,0.86,3,45.1
4.72,4.36,21.4,80.9,1.34,0.56,1.1,0,22.4
2.83,5.63,13.4,61.9,3.43,2.5,0.14,3,48.9
4.73,4.62,26.5,60.2,0.6,0.87,0.79,3,14.9
7.66,5.79,11.9,62.0,1.66,2.27,0.34,1,60.5
6.55,6.26,10.1,64.5,3.15,1.64,0.62,1,65.4
7.38,6.34,25.4,69.0,1.04,1.87,0.57,2,44.9
7.66,5.0,22.7,91.7,0.92,1.53,0.53,0,30.8
3.88,5.63,16.4,78.2,1.6,0.7,0.31,3,34.7
8.5,5.66,20.7,87.9,1.78,2.16,0.98,0,52.0
5.35,5.43,14.0,89.3,3.3,2.12,0.52,0,50.9
6.65,5.9,13.0,85.7,3.01,1.07,1.08,2,51.3
2.52,4.75,18.5,73.7,1.89,1.98,0.49,1,23.3
8.96,6.75,16.4,90.2,3.42,1.49,1.02,0,63.0
4.33,4.46,21.1,86.0,2.43,2.3,0.7,3,34.1
2.9,6.36,13.9,86.0,3.12,2.07,0.52,0,46.5
5.48,5.74,21.9,91.6,1.24,0.39,0.87,0,25.7
3.34,4.84,23.8,81.0,1.97,2.23,0.97,2,24.2
3.49,6.14,13.0,78.5,0.59,2.43,0.63,3,31.8
6.61,4.42,10.8,91.2,0.53,1.93,0.57,0,43.4
5.05,6.21,17.9,75.9,2.62,0.56,0.74,1,40.4
8.49,5.73,23.9,88.4,0.85,2.08,0.74,3,41.6
4.57,4.49,21.7,61.9,2.14,1.72,0.57,3,31.7
7.22,4.41,22.6,60.0,2.59,1.05,0.93,0,42.5
5.5,6.15,17.3,78.5,0.6,2.24,0.54,2,40.6
6.79,4.96,14.2,62.6,1.85,1.54,0.6,3,43.8
6.4,6.51,19.6,94.2,2.55,2.18,0.77,2,47.5
5.57,6.18,13.7,60.2,3.17,1.77,1.19,2,55.1
8.68,6.02,23.1,85.1,1.4,0.93,0.39,3,42.1
4.73,4.92,13.5,68.5,3.42,2.45,0.36,1,50.3
3.65,6.04,15.2,93.9,3.03,1.56,0.29,0,46.1
6.91,6.67,19.1,73.4,2.45,1.44,0.86,2,53.2
8.0,4.44,18.8,61.0,1.68,1.19,0.59,2,45.3
2.76,5.05,20.8,60.9,2.63,0.6,0.53,3,23.5
5.42,4.81,17.9,79.4,2.95,1.81,0.32,3,42.0
8.3,5.22,26.6,94.5,1.41,1.25,1.08,1,29.4
7.37,6.13,25.1,94.3,3.48,2.36,0.59,3,48.3
8.95,5.43,25.8,71.8,3.23,2.42,0.77,0,51.0
5.95,5.68,21.3,76.9,1.96,1.99,0.22,3,40.2
6.79,5.02,21.4,63.5,2.67,0.83,0.22,0,48.0
4.47,4.57,21.0,78.3,2.07,1.88,0.17,2,34.7
8.66,4.89,17.8,81.0,2.78,0.34,0.5,2,53.5
4.88,6.44,15.8,68.8,2.98,2.12,0.62,2,56.2
7.3,5.77,20.7,81.4,0.57,1.39,0.37,3,39.4
5.12,5.18,10.5,91.5,0.74,2.36,0.48,2,44.4
6.15,6.25,10.1,60.0,1.51,1.13,0.11,0,57.8
7.18,4.37,25.3,68.0,3.25,0.88,0.49,2,41.1
5.81,4.86,10.8,67.3,1.69,2.49,0.23,1,48.1
8.4,4.8,19.4,64.3,3.16,1.47,0.24,2,53.7
5.23,6.76,21.1,65.8,1.89,2.2,0.1,1,47.1
6.71,6.04,13.6,81.9,1.37,2.3,0.87,0,48.1
4.73,5.81,26.1,63.6,3.2,1.44,1.12,2,39.8
5.15,4.21,13.4,85.8,2.18,1.3,0.78,0,39.8
5.36,4.68,25.9,91.0,1.58,1.52,0.21,1,25.0
3.32,5.85,23.7,92.4,0.63,2.17,1.19,2,19.6
3.1,5.19,14.3,83.1,0.83,2.42,1.17,3,25.4
6.84,6.6,12.7,66.9,0.92,1.02,0.62,1,50.1
6.76,6.19,15.7,63.0,1.59,1.92,0.22,1,50.6
6.81,5.36,17.2,68.1,2.32,0.93,0.89,1,41.6
2.63,6.15,14.4,93.7,1.42,1.64,1.16,2,37.9
4.62,6.74,28.0,93.7,0.7,2.07,0.96,0,20.8
3.79,5.4,14.1,73.4,1.29,2.25,0.79,2,37.2
7.56,5.87,25.0,71.4,1.73,1.29,0.77,3,36.2
8.09,6.59,12.9,77.9,3.48,1.11,1.18,0,68.5
4.1,4.85,27.6,70.2,1.68,0.86,0.18,3,12.1
6.84,6.51,14.1,94.3,0.77,0.59,0.26,2,48.3
3.34,4.45,17.6,67.7,2.24,1.1,1.01,2,29.4
4.29,5.89,20.1,72.9,3.26,2.22,0.26,2,48.0
3.4,6.24,12.2,75.0,2.86,1.22,0.52,3,43.0
4.34,5.8,24.7,64.4,3.01,1.0,0.41,2,42.6
6.89,5.49,14.9,73.4,3.28,1.93,0.37,3,55.7
8.42,5.81,19.9,90.0,2.41,0.77,0.13,1,45.6
3.82,4.59,19.9,64.9,3.48,0.86,0.72,0,35.6
6.02,4.76,20.8,80.4,0.6,2.36,0.54,2,33.5
7.06,4.9,11.0,74.2,3.0,0.48,0.71,0,55.1
8.69,5.75,13.0,66.0,3.07,1.21,0.43,0,66.9
6.47,5.35,12.9,60.4,3.25,1.57,1.14,0,57.6
4.16,4.84,15.4,69.6,1.93,0.81,0.75,1,29.7
6.57,6.5,12.6,62.2,2.86,0.92,1.16,0,57.8
4.58,5.17,26.6,73.2,1.09,0.79,0.49,2,23.4
8.84,5.36,19.2,88.4,2.31,1.06,0.1,2,50.4
5.1,5.27,21.2,85.2,1.58,2.28,0.96,0,34.6
6.96,4.67,16.4,93.2,2.29,1.25,1.01,1,40.1
2.65,6.1,15.0,74.9,2.53,1.22,0.16,3,36.8
5.1,5.37,19.1,84.8,1.54,1.15,0.79,3,32.9
8.19,4.24,15.3,83.3,1.15,2.42,0.83,0,41.4
6.47,6.71,16.2,67.6,1.47,0.56,0.26,2,48.1
5.39,6.32,18.1,70.6,2.49,2.22,0.71,1,50.2
8.58,6.08,19.1,78.5,2.53,1.02,0.37,1,57.0
8.05,6.46,27.7,87.9,2.72,2.4,0.12,2,55.3
4.59,6.56,14.0,76.2,0.88,0.99,1.05,3,35.9
6.04,5.08,18.8,68.0,2.96,0.48,0.64,2,46.0
5.68,5.79,12.7,94.8,2.56,1.44,0.96,3,47.4
6.61,5.78,16.3,64.0,0.59,0.8,0.9,3,40.4
4.67,4.89,22.9,93.5,1.51,1.96,1.19,3,22.6
4.09,4.78,13.1,88.3,1.9,1.75,0.58,3,37.0
8.43,4.5,20.5,89.4,1.58,1.81,0.57,3,39.6
8.51,5.91,17.5,87.8,0.85,0.73,0.41,1,44.0
7.98,6.23,10.9,67.3,1.12,1.86,0.79,3,53.6
8.86,6.18,26.8,82.1,0.57,0.98,0.63,3,31.7
7.34,5.02,17.4,86.5,0.78,2.5,0.9,2,41.2
7.47,4.73,24.1,86.1,1.3,1.91,0.49,2,32.8
7.46,5.38,17.5,69.5,2.96,1.6,0.24,3,48.1
5.62,5.62,26.9,66.3,2.08,2.21,1.05,0,33.3
5.47,6.59,15.2,71.5,1.77,1.6,1.01,0,47.0
4.06,6.47,17.4,76.8,2.49,1.52,0.49,3,40.7
6.69,6.58,23.7,80.1,2.12,0.82,0.86,2,43.2
4.38,6.41,16.2,89.3,0.89,1.79,0.64,2,38.4
4.18,6.71,16.6,86.9,1.17,1.12,0.94,2,36.3
6.31,5.41,27.9,83.7,1.17,0.39,0.53,2,22.6
5.16,4.32,20.0,69.2,2.3,2.1,0.69,0,39.2
3.92,4.42,22.4,76.8,1.88,0.41,0.16,1,21.0
7.8,5.21,21.6,71.7,1.66,1.78,0.29,0,43.3
8.09,4.87,24.9,68.2,2.17,0.64,0.96,1,35.6
3.59,4.64,25.5,60.4,3.41,1.25,0.52,0,29.1
2.55,6.68,20.1,71.9,1.44,2.19,0.14,3,29.8
4.68,4.71,15.3,69.0,2.06,0.51,0.28,1,34.2
7.68,6.69,10.4,80.0,1.94,1.77,0.55,2,63.6
7.95,6.18,21.1,62.2,2.65,1.65,0.89,0,55.6
3.4,5.87,24.9,69.5,2.69,2.21,0.5,0,35.0
7.53,5.96,18.1,61.6,2.69,0.68,0.92,1,54.3
3.25,5.06,13.0,82.4,1.1,2.06,1.04,3,32.8
5.04,5.88,15.2,79.9,1.85,1.29,0.48,3,44.8
8.99,4.69,19.2,71.8,2.93,1.24,0.98,2,55.3
3.75,6.64,25.1,65.2,1.64,1.1,0.24,2,33.6
3.5,4.98,13.1,93.5,3.45,1.15,0.56,2,42.1
5.25,4.86,21.0,80.5,1.59,1.44,0.21,2,35.9
6.53,6.05,23.6,83.8,1.99,0.53,0.16,2,37.2
8.56,5.91,26.8,78.6,1.92,1.24,0.17,0,38.8
8.88,5.37,12.1,88.2,1.8,1.73,0.22,1,60.3
2.95,5.84,26.7,91.4,3.04,1.4,1.02,3,18.7
3.4,4.61,20.8,73.4,0.97,0.66,0.7,1,18.5
7.64,5.95,23.8,84.2,2.2,1.1,1.14,0,38.6
4.26,4.9,11.0,68.0,2.36,1.27,0.69,2,49.3
8.25,4.91,19.1,82.8,3.05,1.77,0.79,1,52.9
6.81,4.62,21.2,74.0,2.33,2.28,0.3,2,46.3
3.23,5.06,15.5,60.2,3.38,1.51,0.69,2,48.2
7.91,5.06,17.8,93.4,3.12,1.79,0.52,2,53.8
3.65,5.38,20.0,90.4,1.55,0.47,1.12,3,25.7
5.25,4.7,19.9,70.2,3.08,2.4,1.13,2,45.8
6.09,4.7,10.8,94.9,3.38,0.99,0.32,3,46.8
5.75,5.61,17.9,71.1,1.27,1.08,0.78,0,38.2
6.96,4.54,13.8,76.1,2.33,0.79,0.8,3,43.1
6.74,5.99,26.5,89.8,1.35,0.49,0.72,1,26.1
8.95,6.65,27.6,70.7,2.45,2.04,0.24,2,49.4
9.0,5.31,15.4,75.8,0.78,0.83,0.82,0,48.2
5.86,6.54,13.2,83.3,2.7,0.92,0.98,2,50.3
3.12,4.46,14.0,64.6,1.76,0.7,0.48,0,25.7
7.23,4.31,18.6,74.8,2.26,2.44,0.67,2,46.6
8.85,6.08,25.7,70.8,0.58,2.02,0.23,0,40.2
4.57,6.18,19.0,83.7,2.59,2.35,1.12,0,40.4
5.5,6.39,11.0,64.8,1.99,2.2,0.22,0,50.1
5.26,4.35,10.7,68.1,2.38,2.29,0.33,1,46.5
2.83,6.22,14.1,84.9,1.45,1.35,0.43,3,31.9
6.87,5.18,25.2,65.5,0.94,0.68,1.01,3,24.3
4.8,4.99,21.2,74.8,1.81,1.02,0.87,0,31.0
7.62,4.65,20.1,85.0,3.33,0.94,0.11,3,48.1
7.91,6.79,15.7,86.8,1.18,1.88,0.3,2,56.5
7.84,4.37,26.7,63.3,2.53,0.36,0.93,1,35.3
5.21,6.35,16.0,89.8,0.65,0.61,0.54,3,34.5
4.59,5.86,25.0,85.3,2.65,1.8,0.13,0,32.5
7.37,6.11,26.1,71.9,1.22,0.57,1.16,0,34.1
7.71,6.05,18.7,86.7,1.85,0.41,0.27,0,48.0
5.69,6.43,26.1,85.5,1.6,0.54,0.66,0,28.4
8.3,4.68,15.0,81.0,0.84,1.82,0.37,1,42.4
3.44,4.2,21.9,79.5,1.54,0.61,0.91,0,19.2
8.21,5.76,11.6,85.7,1.55,0.62,0.95,0,48.5
3.12,5.12,18.5,95.0,2.07,0.81,0.54,1,21.6
3.5,4.52,13.9,80.2,3.42,1.95,0.82,2,42.3
5.97,4.68,11.1,88.3,1.91,0.74,1.1,3,40.2
2.94,5.06,10.1,86.0,3.24,0.38,1.0,0,41.0
2.84,4.38,15.8,90.0,1.88,2.29,0.56,2,34.0
2.5,4.35,20.6,93.4,0.82,2.23,0.59,0,14.4
5.34,6.58,18.2,66.8,1.19,0.71,1.08,3,33.1
7.54,5.01,15.4,65.8,1.72,0.88,0.14,1,48.3
2.73,6.75,27.8,80.5,1.48,0.71,0.13,3,15.3
6.74,6.71,26.9,75.7,3.1,1.88,0.33,3,42.6
7.85,4.57,12.3,80.0,2.54,0.85,1.01,1,45.1
3.59,6.06,17.5,87.9,2.23,2.35,0.27,1,38.9
3.45,5.76,21.7,92.6,1.97,2.12,0.41,1,32.3
8.1,6.0,23.2,74.6,1.69,1.59,0.79,1,40.0
7.85,4.45,16.6,85.1,2.34,0.32,0.3,1,45.0
6.0,4.69,23.4,66.9,0.87,2.24,0.43,2,33.0
7.82,4.4,12.2,78.7,0.99,1.9,0.61,1,41.2
3.1,5.77,16.0,60.8,1.41,2.03,0.35,3,32.7
5.06,6.77,22.9,77.6,1.01,0.46,1.19,1,24.7
7.3,5.95,21.3,79.1,2.53,1.86,0.28,1,46.7
4.17,6.05,25.1,85.7,0.57,2.07,1.03,1,21.4
7.39,6.76,10.8,82.7,0.98,2.4,0.62,2,64.2
5.78,5.96,13.1,72.5,3.21,1.58,0.24,0,54.0
7.38,4.3,10.9,60.2,3.49,1.42,0.23,1,58.9
5.52,6.45,13.5,64.0,1.96,1.24,0.65,1,47.0
4.89,5.15,10.1,94.1,1.99,1.84,0.49,2,44.1
3.92,4.21,19.1,92.3,2.82,2.33,0.36,0,34.3
3.85,5.52,19.5,71.4,0.61,1.62,1.15,1,24.5
7.38,6.64,21.8,69.1,1.78,0.8,0.61,2,42.6
3.27,4.87,16.9,75.3,0.8,0.34,1.12,3,18.6
3.06,5.48,10.1,84.1,1.7,1.66,0.28,1,35.7
3.65,4.65,22.1,72.5,3.45,2.2,0.3,3,34.1
3.64,4.35,11.0,62.4,2.76,0.45,0.76,2,45.5
7.85,4.41,25.6,74.1,3.46,1.17,0.4,3,41.3
5.09,6.09,10.4,69.1,2.74,2.37,0.3,0,59.8
8.94,6.45,19.5,71.4,2.32,1.4,0.2,3,53.9
3.39,4.57,26.1,65.7,2.76,0.79,0.18,1,22.9
6.75,4.95,20.3,83.1,2.48,1.08,0.93,0,41.3
5.42,4.71,21.0,78.4,1.89,1.2,0.41,0,34.1
5.05,4.27,22.3,69.5,1.38,0.56,1.18,2,24.5
8.19,5.64,12.2,79.4,2.06,1.75,0.3,2,61.5
8.84,6.02,22.1,77.2,1.28,1.6,0.49,0,43.5
8.17,5.88,25.8,87.9,1.96,1.72,0.51,3,36.8
3.75,5.21,27.5,93.5,0.94,1.64,0.65,1,14.7
3.94,5.64,18.0,64.6,2.2,0.34,1.06,2,38.0
6.76,4.44,16.2,90.9,1.24,0.68,1.02,2,35.8
4.38,4.6,23.6,84.7,1.38,0.66,0.11,2,26.6
7.28,6.62,19.8,84.2,2.0,0.52,0.55,2,48.5
6.18,6.18,14.6,73.1,0.99,1.92,1.01,3,42.4
6.08,6.6,13.1,72.0,3.39,0.56,0.1,2,58.0
7.89,6.58,13.1,60.2,1.84,1.77,0.69,3,62.6
7.12,5.89,18.3,94.4,1.56,0.69,0.39,3,40.2
2.67,6.61,13.1,81.2,0.59,0.56,0.55,1,33.7
2.82,5.28,10.4,74.1,3.03,0.66,0.56,2,50.1
6.41,4.21,10.9,79.0,2.38,1.42,0.53,0,45.9
5.66,4.36,26.7,61.4,1.75,1.72,1.08,3,21.0
4.19,4.48,11.3,66.1,1.24,2.09,0.69,3,29.7
5.22,4.45,11.3,81.8,2.74,0.58,1.09,3,42.2
7.43,5.11,18.1,78.0,3.34,1.66,0.9,2,55.5
7.87,6.02,14.4,87.5,1.64,2.0,0.49,3,51.5
6.15,6.26,27.3,83.1,0.9,0.99,0.64,3,21.1
5.0,5.73,26.4,81.1,0.83,0.48,0.53,0,20.6
4.26,4.58,17.3,88.5,0.52,0.64,1.01,1,19.7
5.89,6.14,18.1,62.4,2.73,0.5,0.31,2,52.0
4.55,5.12,16.8,84.2,3.44,2.25,1.13,1,43.5
6.17,4.23,10.7,85.0,3.48,1.13,0.74,2,55.0
6.9,4.93,15.3,69.6,2.85,1.45,0.77,2,53.0
2.93,5.06,12.2,66.8,0.99,1.99,0.67,3,35.0
2.51,4.91,11.8,67.5,3.43,1.12,0.71,3,41.4
3.88,6.31,20.1,66.9,1.48,1.73,0.83,0,32.2
8.31,6.18,11.8,78.3,1.5,0.47,0.82,1,56.3
6.7,6.01,11.9,64.7,2.56,1.36,0.34,1,60.7
3.62,4.56,18.6,83.1,0.65,0.51,0.74,2,21.7
8.29,6.3,18.0,63.7,2.98,0.85,0.49,1,58.0
5.55,5.96,12.5,60.9,3.49,0.95,0.8,3,58.6
5.59,4.71,10.1,71.2,2.83,1.88,0.7,1,47.6
8.58,5.89,13.5,66.7,2.85,1.78,0.3,1,67.3
2.89,5.46,14.2,94.6,1.67,1.94,0.91,3,28.4
3.9,5.34,24.4,70.6,0.7,0.44,0.6,1,19.2
6.31,4.49,26.5,67.8,2.88,2.49,0.71,0,38.5
3.77,5.55,17.3,66.9,2.29,0.42,0.84,1,30.1
6.92,4.46,17.3,73.1,3.23,2.12,0.82,1,47.5
3.89,4.63,22.8,81.2,0.85,1.93,0.92,2,24.3
3.14,4.54,21.3,87.4,1.42,1.6,0.33,2,22.6
3.85,6.68,13.3,72.8,1.58,1.27,0.22,2,44.4
5.25,4.94,11.9,81.9,2.55,1.97,0.84,1,44.5
3.64,5.12,17.9,76.9,2.86,1.93,0.36,2,42.6
3.38,5.04,20.2,89.6,3.38,0.6,0.23,0,36.9
8.09,6.54,12.5,79.9,1.39,2.04,0.24,0,54.6
4.58,5.66,15.3,70.1,1.98,0.47,0.44,2,48.6
4.84,6.59,15.5,84.6,0.59,1.4,1.19,3,33.7
2.86,4.98,14.7,88.7,1.26,1.72,0.27,2,32.7
4.82,4.5,18.3,76.3,1.62,2.11,0.43,0,33.8
4.22,5.65,21.8,94.6,2.28,1.32,1.11,3,26.6
6.47,5.1,19.2,90.8,1.91,0.82,1.16,1,34.0
3.84,6.28,13.6,66.9,1.59,1.38,0.35,2,42.3
8.27,6.49,11.9,87.5,2.37,0.85,1.07,3,54.3
8.54,5.43,24.8,81.0,2.99,1.46,0.25,3,48.4
3.15,6.73,18.6,78.7,1.23,1.32,0.94,0,27.6
3.2,5.64,11.1,78.0,1.53,2.02,0.11,0,43.2
3.25,4.9,14.6,89.9,2.61,0.83,0.55,2,34.7
6.53,5.47,24.5,81.4,2.83,0.74,0.37,3,33.2
3.29,4.3,23.5,78.8,2.98,1.34,0.87,3,27.3
8.04,6.29,25.8,61.7,1.13,0.41,0.12,2,38.8
7.4,4.46,20.8,75.7,2.12,0.8,0.61,0,36.1
7.83,5.0,17.6,91.8,3.2,1.08,0.87,2,50.6
5.92,5.67,17.7,84.9,1.68,1.37,0.15,2,41.1
8.98,4.31,13.5,61.8,1.79,0.89,1.09,1,50.1
2.79,4.41,21.7,90.9,3.45,1.53,0.5,2,30.2
5.11,6.01,20.5,88.9,0.84,2.23,0.28,0,34.7
4.61,4.39,12.8,79.1,2.62,1.5,0.35,3,39.8
8.67,5.44,25.9,60.8,3.05,0.93,0.47,0,47.0
6.25,5.08,16.6,79.7,0.95,0.44,0.32,3,34.2
7.74,4.79,10.9,61.9,2.64,0.6,0.66,3,54.0
3.61,4.69,15.9,71.2,1.91,1.53,0.8,2,34.0
8.86,6.18,25.7,82.0,3.06,1.8,0.58,3,52.6
5.74,6.67,26.5,92.0,3.22,0.41,0.57,3,33.8
5.71,4.56,18.8,72.5,3.12,0.71,0.96,0,42.8
8.81,6.7,27.2,90.1,0.69,1.0,0.43,2,41.4
4.97,5.75,25.8,92.1,2.77,1.0,0.79,2,35.3
5.08,5.87,24.9,60.7,3.26,2.41,1.08,3,41.9
6.3,6.05,25.5,68.4,2.36,0.75,0.34,2,40.1
3.33,6.03,16.9,84.8,2.3,0.44,0.78,2,35.0
4.59,6.33,23.6,86.5,0.64,1.08,1.14,2,24.5
3.76,5.46,20.4,73.7,3.07,0.6,0.68,0,29.4
3.17,5.59,23.0,83.0,0.64,0.58,1.17,1,15.2
8.13,5.04,13.2,81.4,1.44,1.2,0.44,1,48.9
6.33,4.47,23.2,85.9,3.28,0.97,0.72,3,35.9
4.83,5.93,27.2,85.2,3.35,0.5,0.44,3,29.0
5.16,4.29,15.4,63.0,3.48,1.63,0.1,2,52.4
5.3,4.92,27.8,65.5,1.93,1.4,1.2,0,22.5
6.62,4.44,16.8,64.6,1.03,0.47,0.36,2,35.3
8.52,4.7,13.6,92.6,1.96,2.2,1.17,1,43.7
8.56,5.86,12.0,92.0,0.81,0.93,0.82,2,51.1
5.04,5.83,24.1,87.9,3.12,2.42,1.09,1,35.0
4.64,5.29,20.0,64.1,2.18,2.35,1.16,2,38.1
5.43,4.43,15.5,80.1,1.71,1.26,0.72,0,37.5
6.19,5.33,21.0,66.6,0.74,0.8,1.2,0,29.9
5.5,5.12,16.0,72.9,1.72,2.14,0.94,0,38.7
6.78,6.07,18.1,69.3,3.1,1.09,0.68,3,56.4
6.1,5.71,25.5,89.0,2.61,0.66,0.82,0,33.1
4.58,5.48,22.0,65.1,0.75,1.51,0.31,1,24.6
4.75,5.47,23.7,82.6,0.98,1.38,0.11,1,22.7
4.96,6.71,20.5,94.4,1.68,2.17,0.38,3,35.9
3.12,6.17,27.8,84.0,0.8,1.9,0.58,1,15.4
3.58,5.49,14.3,62.8,3.3,2.23,0.35,3,50.4
7.2,5.45,14.7,91.8,2.46,1.92,0.67,3,48.7
5.03,4.27,11.7,82.5,0.78,1.71,0.82,2,41.4
3.89,6.65,20.0,76.0,2.86,1.4,0.82,1,38.3
6.16,5.03,21.0,83.1,1.61,2.47,1.08,2,39.3
7.41,4.87,23.1,90.8,1.23,2.41,1.16,2,38.7
4.17,6.8,16.0,76.7,2.21,2.17,1.08,0,48.9
7.87,6.07,10.2,78.6,0.54,2.01,0.78,3,54.8
8.53,4.32,21.4,75.8,1.9,1.57,0.33,1,40.8
6.38,4.36,28.0,62.5,3.03,0.87,1.14,3,28.7
6.85,4.27,15.3,87.5,3.28,2.23,0.29,2,47.2
2.84,5.76,13.3,64.4,1.53,0.32,0.27,3,31.8
8.65,4.39,15.1,73.8,2.43,0.8,0.45,0,54.8
5.05,6.63,17.7,73.5,1.18,1.19,0.73,0,41.8
8.51,6.64,14.5,69.8,2.18,1.59,0.85,0,61.8
6.26,5.62,16.2,74.1,1.26,1.53,0.11,3,45.7
2.53,5.8,21.5,81.6,2.21,0.69,0.96,3,20.8
2.75,4.96,16.2,70.9,1.02,0.53,0.29,3,20.5
6.92,4.37,17.1,66.0,3.32,0.79,0.43,1,46.0
6.16,6.12,10.7,90.4,3.16,1.07,0.45,1,52.7
2.67,4.46,26.5,94.0,1.51,0.33,0.47,1,8.2
7.33,4.42,17.3,76.1,2.83,1.82,0.94,3,46.2
8.04,5.01,15.9,71.4,0.79,0.85,0.15,1,44.0
5.73,4.23,11.6,61.7,2.72,1.07,0.32,2,50.4
5.53,5.33,21.4,61.3,1.35,1.04,0.12,2,36.7
2.54,6.04,25.5,73.8,0.91,1.43,0.96,1,10.3
7.61,6.28,10.7,92.6,2.53,2.19,1.18,1,60.2
4.65,5.77,12.6,85.6,1.91,0.63,0.83,2,42.5
8.21,6.4,12.6,72.2,2.09,1.05,0.75,3,54.3
4.92,5.26,20.8,93.9,2.06,1.82,1.1,0,31.9
6.17,6.41,26.6,75.0,0.68,0.4,0.38,2,28.6
4.26,5.52,17.9,69.7,0.65,2.13,0.17,0,38.7
3.54,4.78,16.2,74.9,2.3,2.42,0.66,0,35.3
7.54,6.65,23.8,67.4,2.37,1.64,0.39,2,52.5
5.73,4.91,23.4,91.0,0.64,2.4,0.6,1,22.2
5.99,4.27,14.4,72.6,1.64,1.21,0.6,1,36.7
8.78,4.83,12.9,83.0,2.34,1.21,0.45,0,57.0
8.76,5.15,16.4,73.6,2.47,0.53,0.63,3,49.3
8.06,5.11,24.0,91.6,2.98,0.38,0.52,3,37.9
3.72,5.56,22.5,82.5,1.76,0.84,0.22,3,24.5
6.36,6.5,22.0,77.1,2.14,1.35,1.05,0,41.2
8.21,4.96,24.9,64.6,2.24,1.42,0.87,0,44.4
4.93,5.55,15.0,91.6,1.44,0.78,0.15,0,36.2
3.16,5.08,16.1,79.1,0.66,1.65,0.23,0,27.6
7.77,6.34,10.8,70.0,0.51,0.7,0.21,1,52.2
5.63,4.61,25.6,90.7,3.01,1.02,0.17,2,33.5
6.17,4.47,20.5,61.9,1.1,0.73,0.16,0,34.5
8.88,5.51,15.4,71.0,2.39,1.83,0.27,1,59.6
6.45,5.95,11.2,78.8,2.23,1.44,1.03,2,56.6
5.26,6.27,23.0,71.9,1.7,1.92,1.01,1,34.0
4.9,5.73,23.5,76.7,3.0,0.43,0.96,1,29.6
5.21,6.21,22.0,69.3,2.6,1.24,0.78,2,39.0
3.27,5.22,13.7,64.6,0.57,2.43,0.9,3,26.9
7.67,4.29,26.4,61.3,2.83,0.42,0.91,1,38.6
7.95,4.5,23.6,65.5,2.02,1.22,1.08,0,33.3
4.35,4.3,21.8,93.4,1.54,0.39,0.91,3,18.8
4.47,5.06,21.7,80.1,2.68,0.62,0.91,2,30.2
8.18,5.49,26.3,77.1,2.56,1.32,0.98,1,42.7
2.66,5.13,26.7,73.5,1.43,0.65,0.71,2,10.0
5.88,5.66,20.7,84.8,3.45,1.44,0.33,3,42.8
5.51,5.45,17.5,64.9,2.45,2.33,0.19,0,52.7
6.99,5.96,16.5,69.7,2.32,0.74,0.56,3,49.2
3.56,5.93,24.7,83.0,0.71,0.54,0.2,2,19.4
6.84,5.03,21.6,76.8,1.34,2.12,0.29,2,35.6
4.95,5.1,11.4,87.0,1.84,1.31,0.13,3,37.5
6.52,5.72,12.6,91.4,2.39,2.24,0.43,1,56.0
2.76,5.75,26.2,88.8,2.04,0.97,1.17,3,14.2
5.5,5.02,25.9,66.4,2.79,1.68,0.52,2,37.3
5.89,5.06,27.1,63.2,1.29,2.33,0.36,3,29.1
3.89,6.0,17.7,65.9,2.61,0.68,0.54,1,35.0
3.41,5.88,24.1,87.4,2.95,2.06,0.43,2,35.8
3.73,4.55,24.9,92.0,2.8,1.69,0.84,1,21.4
4.74,5.35,15.7,92.4,2.81,2.09,0.8,1,42.4
3.13,6.52,12.6,70.4,3.17,0.68,0.13,1,45.4
8.66,4.29,27.9,89.4,0.75,1.25,0.66,3,19.5
5.13,6.42,10.5,78.8,2.59,0.58,0.14,3,49.5
7.76,4.62,20.8,88.8,3.41,2.41,0.85,0,51.2
8.83,5.52,21.7,79.2,2.22,0.44,1.13,3,42.7
3.02,5.3,22.3,65.1,1.15,0.44,1.1,2,21.2
6.74,4.23,14.6,62.8,3.5,2.28,0.33,0,59.3
8.16,6.58,23.0,93.5,1.02,0.96,0.92,3,35.5
6.62,5.38,13.9,74.9,1.51,1.61,0.97,0,46.9
5.29,6.68,24.9,72.3,1.02,0.93,1.05,3,25.5
5.3,4.95,13.9,72.5,1.89,1.73,0.39,1,44.8
2.73,6.45,22.5,73.3,1.76,0.72,0.6,3,24.5
5.97,6.6,24.1,93.1,1.97,1.31,0.34,1,34.0
8.96,5.65,13.4,62.2,3.28,1.47,0.13,0,65.3
8.73,4.73,14.3,64.2,1.93,1.03,0.82,3,53.2
2.76,5.98,24.0,87.6,2.04,0.85,0.57,2,22.6
7.09,5.63,11.5,79.2,3.16,0.61,0.37,1,56.4
4.46,6.66,13.4,64.5,2.95,1.85,1.03,0,60.1
8.37,5.34,18.2,61.2,1.22,0.67,0.65,3,45.1
2.79,4.9,26.7,67.8,0.54,0.94,1.19,3,10.7
8.58,4.56,20.1,69.1,2.39,1.04,0.97,1,43.1
7.94,6.02,17.0,60.5,3.03,1.3,1.06,2,63.0
3.26,6.73,27.6,67.6,2.16,1.85,0.95,0,29.1
2.89,4.27,18.3,85.8,1.13,1.24,0.22,0,22.1
7.93,6.13,17.8,89.9,2.72,2.22,0.17,2,63.8
3.51,6.61,17.4,91.4,2.51,1.8,1.11,3,35.6
5.98,4.39,15.6,73.6,2.2,2.14,0.25,3,42.5
8.45,4.49,15.9,71.2,3.09,1.88,0.53,1,53.3
6.19,6.0,22.4,95.0,2.85,0.63,0.77,0,41.0
5.08,5.88,10.7,86.9,2.5,2.45,0.33,2,54.5
5.39,4.38,22.3,78.8,2.49,2.03,0.35,2,39.6
2.91,6.37,13.6,68.9,2.49,1.56,0.61,3,37.4
8.8,5.56,16.9,71.2,2.08,0.66,0.5,0,54.5
4.52,6.56,12.6,78.0,1.89,0.68,0.84,2,44.5
3.73,6.48,19.9,79.0,2.63,1.65,0.18,2,44.2
4.36,6.31,23.1,60.5,2.33,1.22,0.64,2,38.9
8.77,5.54,16.4,93.6,1.97,1.79,0.29,0,52.3
3.11,4.85,12.9,80.1,0.88,1.12,0.77,0,27.6
8.14,5.52,14.1,80.6,2.61,1.43,0.23,2,57.7
7.1,4.46,24.7,67.4,2.44,0.71,0.32,0,38.6
7.9,5.91,14.8,86.8,1.53,0.64,0.98,2,46.5
8.84,4.55,23.9,85.8,1.57,0.47,0.36,0,35.2
7.97,5.53,16.0,63.3,1.24,2.1,0.91,3,49.5
8.63,4.34,13.4,80.8,3.39,1.52,0.4,1,61.9
3.33,4.98,23.1,83.0,3.08,2.38,0.36,1,31.0
7.67,4.8,18.4,89.2,2.18,1.95,0.43,1,43.6
6.05,5.81,10.6,67.2,1.7,1.99,1.07,1,52.2
6.03,6.25,27.3,90.7,2.71,1.42,0.54,2,32.5
8.34,4.35,12.7,76.2,2.08,2.09,0.37,2,54.3
8.82,6.41,16.4,63.4,3.43,2.37,0.69,2,70.5
7.08,6.44,16.9,63.7,0.67,1.89,0.52,3,43.6
5.64,5.09,18.8,66.9,0.6,0.53,0.97,0,25.7
5.47,5.91,24.1,69.9,2.21,1.73,1.19,3,35.7
5.01,5.25,10.1,77.4,1.11,0.56,0.68,2,42.5
4.85,4.6,26.8,86.2,2.31,0.47,0.6,1,20.1
5.04,5.57,21.6,66.5,2.84,1.82,0.48,3,37.8
3.08,4.42,27.1,94.7,0.91,2.14,1.17,2,11.5
3.0,6.48,24.7,65.7,1.82,0.65,0.63,0,27.7
7.57,6.6,26.7,81.0,2.57,0.46,0.3,0,41.5
5.4,6.34,20.8,92.5,3.0,2.25,1.17,2,46.8
8.55,5.66,16.4,89.1,1.99,0.59,1.16,2,47.8
6.48,5.65,18.0,82.7,1.12,0.38,0.58,0,36.8
2.73,6.76,21.8,85.0,2.26,1.89,0.48,2,37.7
3.52,4.84,17.7,64.7,1.86,2.16,0.85,2,39.1
3.84,4.4,23.2,60.3,2.82,1.43,1.01,3,30.3
8.84,5.66,11.7,75.2,2.17,1.49,0.65,2,64.2
3.92,5.05,24.9,63.1,1.34,1.04,0.46,3,20.3
5.85,5.04,13.7,72.5,2.76,0.82,0.43,0,47.4
8.59,4.22,27.0,67.8,2.05,1.96,0.46,3,31.8
8.85,5.75,12.8,92.1,1.03,2.17,0.23,1,50.5
4.04,4.89,12.3,90.8,2.19,1.01,0.96,2,37.9
2.82,4.69,24.6,88.7,3.34,0.9,0.22,3,21.4
3.5,4.31,24.7,85.0,2.62,0.89,0.54,3,22.0
2.91,5.15,23.3,65.4,1.4,0.41,1.02,0,22.0
3.77,6.49,27.3,61.7,2.63,0.92,0.54,0,30.0
6.2,5.08,14.9,82.9,1.35,0.36,0.42,2,42.0
8.43,5.97,24.9,82.5,2.13,2.03,1.14,3,40.8
5.99,6.17,16.3,72.9,2.08,0.86,0.24,2,50.7
6.57,5.05,19.7,76.5,1.24,1.82,1.07,0,39.1
3.81,6.34,18.0,77.1,1.54,1.5,0.17,0,40.4
7.7,6.0,10.1,68.4,3.33,2.14,0.55,2,70.5
6.52,5.65,20.3,71.0,1.25,2.41,0.79,2,45.9
8.12,4.2,23.5,74.6,2.9,1.11,0.51,3,34.8
8.67,4.29,13.1,81.1,2.5,0.49,0.69,2,56.6
4.76,6.78,26.8,93.5,2.1,1.95,0.32,1,31.1
3.09,6.23,19.5,78.8,0.91,0.35,0.73,0,24.2
3.97,6.64,13.2,85.6,1.11,0.79,0.25,3,31.0
5.35,6.55,21.6,88.2,1.04,0.42,0.98,3,25.7
8.65,4.25,13.5,64.0,2.26,2.28,0.74,0,61.2
4.96,6.26,11.1,82.9,3.42,0.31,0.63,1,50.0
7.51,5.37,22.3,76.9,3.13,1.38,0.16,1,48.6
6.01,6.25,12.0,80.0,0.58,1.23,0.65,2,46.2
3.69,4.22,11.9,61.3,1.32,1.74,0.72,3,36.0
4.58,4.95,23.3,91.7,0.97,0.94,0.39,0,21.3
6.75,6.15,11.0,93.3,3.43,2.22,0.85,3,57.4
6.87,6.26,24.6,60.1,1.21,1.92,0.18,0,42.1
5.33,5.81,24.3,67.4,1.1,1.25,0.33,3,32.0
3.99,4.98,12.5,66.3,2.36,1.09,0.91,2,44.4
7.19,5.01,19.3,87.3,2.17,2.09,0.26,0,45.1
3.6,6.71,11.7,80.9,1.18,1.97,0.37,2,51.2
8.59,5.34,21.4,66.2,2.51,1.18,0.82,1,50.8
3.72,5.36,11.1,88.5,0.79,1.05,0.9,1,32.7
3.2,5.64,27.0,72.4,0.56,0.39,0.16,0,14.8
5.73,5.26,13.7,76.1,0.75,0.48,0.24,2,41.1
5.88,5.64,22.3,73.6,1.59,0.42,0.59,3,32.0
5.8,5.32,12.3,78.2,3.43,0.35,0.75,2,47.4
5.34,6.35,13.8,76.8,2.14,0.64,0.6,3,45.1
8.97,6.56,18.1,69.6,2.76,2.19,0.81,1,61.4
5.66,6.62,20.3,74.9,1.46,2.06,0.93,2,42.1
5.61,5.67,28.0,91.8,2.66,2.16,1.14,3,28.4
5.24,5.35,10.5,77.6,3.4,1.67,0.48,1,50.5
2.93,6.03,10.0,92.1,1.57,1.67,0.28,2,37.8
6.35,6.38,16.3,79.3,3.5,0.57,0.39,0,57.6
3.98,5.66,16.6,86.9,2.42,1.84,0.26,2,43.2
6.64,6.02,25.9,70.3,2.75,0.92,0.53,3,31.8
2.83,6.15,26.4,87.7,1.26,1.44,1.06,3,13.2
8.88,5.96,25.8,69.3,2.43,2.4,0.48,1,51.8
5.55,6.14,12.6,60.7,2.03,2.22,0.26,2,56.7
8.33,4.74,17.4,65.6,3.37,0.81,0.67,2,59.6
5.59,5.5,23.4,60.8,3.21,1.92,1.19,3,42.8
2.89,5.73,15.6,93.1,1.69,0.53,0.31,3,23.2
7.84,4.21,21.9,95.0,3.34,0.36,0.96,3,35.7
6.71,6.43,14.3,86.7,3.15,0.36,1.01,3,49.3
7.58,5.79,15.8,63.8,2.27,0.67,0.54,1,47.7
5.28,4.54,25.5,91.5,0.75,1.83,0.78,1,14.0
6.65,6.32,14.5,86.0,0.98,1.1,0.58,1,41.0
8.07,6.06,27.4,71.6,0.73,0.34,0.39,1,29.0
6.6,6.17,15.5,77.6,0.82,2.47,0.57,3,45.4
4.76,5.22,10.4,83.2,3.43,1.47,0.2,3,53.2
6.81,6.42,14.6,60.8,1.14,1.17,0.88,3,48.1
6.87,5.28,13.1,77.6,2.57,1.44,1.01,2,55.8
8.74,5.68,19.1,85.6,2.41,1.44,0.44,0,52.2
4.91,4.2,12.0,66.6,2.39,1.33,0.72,0,45.2
5.26,5.88,21.3,75.5,1.12,1.65,0.36,1,32.4
7.78,6.07,25.7,78.6,2.24,2.25,0.24,2,46.5
5.79,5.67,16.5,85.7,2.38,0.96,0.83,1,45.7
7.29,5.49,13.0,93.8,2.21,1.37,0.25,2,48.0
5.49,6.31,17.2,89.7,1.06,0.31,0.96,3,26.5
3.9,5.97,24.1,81.8,2.67,2.19,0.4,1,34.2
7.34,4.92,20.6,80.4,0.72,0.97,1.0,3,28.9
3.35,6.69,11.8,81.1,2.27,0.9,0.51,2,42.9
3.79,6.04,19.7,79.1,1.81,2.49,0.51,3,31.6
6.57,6.77,18.4,62.1,1.25,1.59,0.93,0,45.0
7.36,6.73,15.9,84.4,2.92,0.57,0.66,1,55.8
8.32,6.59,12.0,85.1,1.03,0.88,0.32,3,55.3
4.27,6.16,27.7,77.9,3.3,1.08,1.04,3,33.0
3.22,5.78,13.2,90.5,3.15,2.47,0.47,2,44.6
8.71,4.65,13.5,83.5,1.58,1.25,0.21,0,48.1
3.5,5.61,12.6,72.7,1.42,0.81,0.56,0,33.2
3.78,6.19,20.3,60.7,0.91,1.55,0.73,1,33.2
4.39,5.55,18.0,62.1,3.25,1.19,0.77,3,42.6
5.94,6.46,14.5,72.3,2.38,0.42,1.02,1,47.2
8.24,4.49,17.7,76.2,0.6,2.19,0.7,3,39.5
7.44,5.19,22.1,65.8,2.03,0.33,0.35,2,42.1
7.1,5.52,15.1,66.6,0.76,2.28,0.39,0,45.7
3.64,5.32,26.5,68.1,2.22,2.04,0.21,2,31.5
4.82,4.48,15.5,87.3,2.03,0.47,0.91,1,29.9
5.61,4.6,13.6,87.0,0.75,1.89,0.22,0,34.6
3.46,6.38,27.2,73.4,2.95,2.0,0.77,2,35.7
4.28,5.46,24.6,66.0,1.29,1.63,0.76,0,25.7
4.5,4.33,16.2,63.9,2.12,1.57,0.96,3,34.6
3.33,4.24,25.1,63.0,2.42,0.41,0.18,3,18.5
6.08,5.43,19.3,73.7,3.39,0.43,0.32,3,45.4
7.08,4.63,16.2,61.6,1.98,1.9,1.1,0,48.0
2.95,6.03,25.1,71.7,3.25,0.53,0.73,3,24.4
5.63,6.27,23.5,93.7,1.56,0.83,0.6,1,30.1
7.58,4.79,15.4,77.8,3.07,1.4,0.92,2,55.3
7.36,5.74,20.9,88.8,1.21,0.66,1.09,0,36.9
7.8,4.6,16.6,64.5,2.62,2.04,0.39,3,53.9
5.41,4.99,10.0,69.4,0.77,2.08,1.09,1,40.3
7.83,6.51,27.3,93.1,3.46,2.15,0.22,2,53.1
4.06,5.61,19.9,73.4,3.36,0.41,1.18,1,30.6
4.85,6.5,20.8,82.7,1.83,1.24,0.28,3,34.5
3.65,4.79,20.8,94.2,2.07,2.16,0.39,2,29.5
5.54,5.06,19.9,79.3,2.29,1.1,0.21,1,39.7
5.05,5.42,15.2,70.7,1.33,1.83,0.98,1,37.8
4.07,5.45,27.5,78.6,2.52,1.6,1.18,0,27.2
7.39,6.79,21.2,61.9,2.6,1.06,0.43,1,47.0
4.54,4.5,22.1,63.9,2.08,0.91,0.46,3,25.9
4.27,6.42,18.2,60.3,0.94,1.74,0.41,3,33.5
3.35,6.45,15.2,90.9,3.26,0.59,0.27,3,46.2
5.35,5.64,11.2,83.5,0.85,2.19,0.97,0,42.1
4.47,5.09,16.3,70.4,2.39,1.57,0.17,1,40.3
4.9,5.55,13.2,67.7,0.81,0.55,1.16,3,33.5
4.03,4.96,21.9,83.9,0.94,1.85,1.12,1,16.5
7.46,6.28,25.8,92.2,0.56,1.25,0.23,0,31.1
8.55,5.5,15.4,70.5,1.59,0.75,0.68,1,50.3
5.74,6.61,16.0,71.3,2.42,2.41,1.19,3,50.2
6.68,5.82,22.1,89.9,2.06,1.88,1.04,3,31.3
8.14,5.54,12.7,91.3,2.52,1.6,0.89,0,55.5
8.99,6.05,26.7,92.0,2.53,2.17,0.12,3,48.2
6.49,5.51,16.5,70.3,0.92,1.5,0.18,2,46.0
8.28,6.55,11.8,64.2,0.67,1.27,0.97,3,56.2
8.41,4.68,13.1,75.4,2.38,0.72,0.51,2,52.8
7.64,6.73,26.8,70.4,2.46,0.64,0.84,2,47.8
5.5,6.31,14.4,90.9,2.17,1.25,0.91,2,47.2
3.03,6.44,21.9,61.3,1.24,1.3,0.56,2,35.0
2.6,5.46,12.8,82.2,2.93,1.91,0.26,3,40.0
5.6,6.38,13.5,91.7,0.73,1.27,0.53,2,37.7
5.71,5.0,25.8,94.2,2.4,1.6,1.06,0,31.1
5.15,6.18,12.7,82.8,0.86,2.13,0.46,0,43.6
6.19,4.57,10.3,93.2,2.46,2.49,0.17,1,50.0
6.09,5.0,19.0,62.6,1.75,1.01,1.16,1,32.4
7.94,5.36,25.5,72.6,2.65,2.28,0.85,3,46.8
3.21,5.04,15.9,60.3,0.66,2.07,0.69,0,29.7
3.96,5.21,12.3,94.3,2.17,0.45,1.01,3,36.4
7.65,6.33,27.7,91.6,0.93,1.04,0.55,0,30.5
8.01,4.87,22.2,61.0,2.55,0.78,1.18,1,39.5
8.97,6.14,25.3,60.6,0.86,1.76,1.04,1,44.7
8.17,4.39,23.5,72.8,0.72,1.52,0.41,2,35.5
8.28,6.19,22.6,69.0,2.64,1.39,0.51,0,52.3
4.54,6.26,16.9,89.6,0.69,1.98,0.4,3,29.4
5.11,5.24,15.8,65.6,1.17,1.03,0.83,0,35.8
4.24,6.08,22.9,87.7,2.97,1.14,0.8,3,32.9
6.44,6.58,22.9,79.4,2.93,2.2,0.67,2,47.3
8.6,6.28,27.1,73.2,3.06,2.44,1.16,3,47.1
4.74,5.22,20.2,65.1,1.48,2.01,0.62,3,31.2
6.12,5.46,15.3,94.9,2.08,0.78,0.96,3,38.2
4.43,6.23,18.8,81.6,2.82,0.55,0.82,1,41.0
3.6,4.96,21.0,75.4,0.91,0.76,0.67,1,18.3
3.77,6.29,17.7,73.0,2.67,1.23,0.15,2,42.6
2.88,5.05,24.2,91.7,0.79,0.82,0.82,2,20.2
8.67,6.3,20.5,88.7,3.24,2.28,0.81,3,54.5
5.12,4.43,10.2,88.4,2.41,1.78,0.24,1,44.5
7.92,4.32,20.3,81.6,1.98,1.22,0.98,1,36.7
6.93,6.79,21.4,91.1,1.95,0.9,0.61,0,42.3
3.75,6.46,26.5,70.5,1.04,1.14,0.46,0,24.3
3.64,6.5,17.4,84.6,1.54,1.35,1.01,3,33.6
7.78,6.67,20.3,74.2,2.68,1.87,0.48,3,54.2
4.22,5.34,18.5,81.0,2.12,0.5,0.78,2,36.1
8.44,4.95,19.6,94.9,2.09,2.17,0.78,1,47.2
3.41,4.54,11.2,94.5,1.09,0.58,0.16,0,29.8
6.91,5.5,26.2,77.9,2.57,0.88,0.57,0,38.1
7.79,4.77,26.4,80.1,1.68,2.49,0.35,2,41.9
4.03,6.63,19.9,91.4,1.05,0.72,0.32,2,28.4
4.3,4.21,20.0,94.5,3.33,0.52,0.82,1,34.1
8.77,4.57,11.0,87.3,2.02,1.7,0.11,0,56.3
4.22,4.84,20.8,62.3,2.08,1.16,1.17,0,30.0
5.29,4.72,17.7,71.3,3.44,0.5,0.53,2,41.3
5.31,4.79,22.8,91.4,1.6,0.31,0.43,2,23.1
4.14,5.91,10.8,86.9,3.33,0.47,1.11,1,47.8
7.54,5.05,22.8,86.0,2.58,1.45,0.64,2,49.2
7.52,5.8,15.2,83.4,2.4,0.81,0.78,3,46.9
4.96,6.51,21.7,74.5,1.2,2.01,0.87,2,38.4
7.93,5.77,21.3,74.1,0.66,2.19,1.06,1,39.9
3.88,6.01,14.1,88.3,1.81,0.62,0.24,0,40.3
2.53,5.15,17.9,70.3,0.53,1.04,0.19,3,25.2
6.21,4.62,25.0,84.0,0.71,0.62,1.19,2,25.3
8.96,5.03,20.9,85.4,2.29,0.93,0.11,1,45.0
2.75,6.71,11.2,89.6,2.67,0.83,0.88,0,44.5
3.85,5.82,18.0,71.2,1.0,2.03,0.77,3,32.3
5.87,4.92,15.6,86.0,2.7,1.06,0.71,3,40.5
7.76,5.37,21.5,63.7,3.35,1.39,0.96,1,47.0
3.08,6.37,21.1,64.8,2.73,1.78,1.19,1,33.3
5.07,5.94,10.2,74.6,2.85,2.11,0.15,2,62.7
7.36,5.66,20.9,61.9,2.6,0.96,0.78,3,48.0
4.92,6.5,23.2,93.2,1.17,0.76,0.89,2,28.3
3.73,5.95,23.8,91.6,1.58,2.45,0.44,0,29.3
3.77,5.87,11.1,61.7,3.35,1.0,1.08,0,54.2
5.17,4.69,15.5,89.3,2.48,1.78,0.6,0,36.9
5.62,4.48,17.6,77.8,2.87,1.79,0.28,1,40.7
8.1,6.71,13.2,84.6,3.41,1.43,1.04,1,68.4
6.67,5.76,17.6,91.0,1.19,0.8,1.14,2,39.4
6.99,5.28,11.3,80.2,1.47,0.61,0.21,3,42.8
8.89,5.73,12.0,64.1,2.43,1.37,0.93,0,64.2
5.18,4.36,22.0,60.1,0.57,1.42,0.34,3,26.0
5.12,6.34,14.7,77.4,2.21,2.0,0.11,1,42.4
8.5,4.76,22.8,93.2,2.93,1.86,0.39,2,48.6
4.1,6.29,10.9,80.0,2.33,2.31,1.04,0,49.5
7.24,5.59,20.1,73.1,1.39,2.44,0.26,1,40.1
7.4,4.92,17.0,61.1,2.67,1.9,0.24,3,51.6
3.14,4.28,24.3,92.0,0.94,0.47,0.91,0,8.5
5.54,6.32,24.1,71.5,3.18,1.19,0.55,1,41.1
3.8,4.66,16.8,84.7,0.8,1.64,0.26,2,28.0
3.7,4.33,21.2,84.3,3.09,1.6,0.35,2,30.5
5.51,6.17,14.1,68.9,1.99,0.7,0.97,1,40.7
4.38,5.11,20.4,62.2,1.79,1.58,0.79,1,29.9
7.67,5.21,11.5,73.5,2.0,1.07,0.94,3,53.0
8.4,4.84,17.8,71.1,1.1,1.05,0.21,0,45.4
7.72,6.43,13.3,84.5,1.87,2.13,0.6,1,56.2
4.23,4.97,25.9,88.7,3.05,1.23,0.98,1,22.2
4.28,4.75,18.0,67.8,2.9,1.46,0.39,3,36.2
4.16,5.0,20.6,78.5,0.99,1.54,0.29,3,25.7
3.38,4.73,16.5,61.4,2.52,1.54,0.52,3,35.9
8.63,5.03,15.2,67.5,3.07,0.77,0.47,0,57.3
5.11,4.42,13.7,86.7,2.96,1.62,0.3,0,38.5
3.96,4.61,26.4,87.8,1.78,1.04,1.15,1,12.9
8.0,5.28,24.4,87.2,0.64,1.74,0.63,1,30.5
5.09,6.49,12.4,65.0,3.29,0.62,0.77,0,53.3
2.73,4.35,23.4,79.3,1.69,2.49,0.23,3,18.2
3.55,4.75,17.5,74.8,1.58,2.0,0.77,3,30.2
6.66,6.56,10.3,94.7,2.78,1.22,0.71,1,56.7
7.59,6.51,19.5,82.9,1.29,0.96,1.13,3,42.8
3.87,5.97,12.3,92.7,3.0,1.15,0.55,2,43.5
8.46,4.83,13.8,65.1,0.73,1.89,0.96,2,50.3
8.03,5.29,22.5,75.8,2.72,1.74,0.43,3,40.8
8.01,4.75,14.6,87.0,3.4,1.84,0.74,0,56.1
3.98,4.53,26.1,72.9,3.49,2.26,1.12,0,28.7
2.83,5.19,21.8,82.1,3.27,1.3,0.79,1,31.6
8.14,5.7,25.0,77.9,3.11,1.77,0.88,3,46.3
4.49,5.14,21.1,94.7,1.34,1.27,1.06,2,28.6
6.52,5.79,25.6,66.1,3.4,1.7,1.12,1,41.5
7.44,4.97,16.5,92.7,3.28,1.34,0.33,0,49.3
3.33,5.1,19.9,74.1,2.1,2.01,0.32,2,31.7
7.58,6.26,19.3,76.4,1.71,0.31,0.71,1,43.3
8.6,6.48,26.3,78.5,0.83,0.77,1.2,1,38.7
7.23,5.04,13.0,69.3,2.27,0.95,0.64,3,50.2
5.37,5.69,20.4,93.7,2.6,2.38,0.46,2,42.5
8.2,4.92,23.6,91.9,1.71,1.42,0.69,0,36.9
5.93,4.34,16.7,94.1,1.72,1.1,0.17,0,35.4
7.34,6.12,25.6,94.9,2.22,1.19,0.29,1,42.2
7.83,4.64,16.7,83.4,0.58,1.29,0.26,0,42.6
7.37,5.31,13.1,75.8,3.37,2.21,0.13,1,61.7
4.37,5.47,20.5,89.8,1.37,2.42,0.89,1,29.2
3.27,4.68,17.6,60.8,0.92,2.16,0.46,3,27.6
4.05,4.45,10.3,89.2,0.52,2.15,0.29,1,33.8
5.77,5.1,11.3,77.4,3.07,0.74,0.66,1,48.4
5.78,6.68,13.5,83.6,3.09,0.89,0.46,2,54.6
6.29,5.8,23.8,73.1,0.79,1.61,0.53,2,37.1
5.07,5.19,26.1,72.9,0.96,1.74,0.45,0,25.3
7.61,4.3,19.8,61.1,1.84,0.75,0.1,0,44.5
8.44,5.76,11.9,74.8,1.06,1.94,0.86,0,60.1
4.1,4.44,19.6,74.3,2.71,0.74,0.22,3,30.9
7.29,5.61,25.4,67.9,0.67,0.88,0.34,0,33.3
6.91,6.16,23.5,68.7,2.15,0.97,0.31,3,48.2
5.9,5.3,15.2,80.4,1.65,2.16,0.46,1,43.6
3.73,4.98,12.2,71.1,1.89,1.91,0.28,3,36.4
7.67,4.32,26.2,89.1,1.77,1.47,0.48,0,30.7
8.74,4.26,25.4,63.9,0.96,2.1,0.37,1,39.7
7.19,5.32,11.0,80.2,1.16,2.09,0.17,0,49.7
8.47,6.5,24.8,65.6,0.69,1.16,1.06,3,35.4
8.9,4.83,11.7,78.5,0.85,2.02,0.44,2,58.1
4.79,5.69,11.1,79.3,3.43,0.75,0.2,0,52.5
6.65,5.98,23.7,82.5,1.34,1.41,0.67,2,36.9
5.58,4.36,19.7,75.0,1.42,0.56,0.24,3,30.0
8.91,4.6,17.5,77.8,0.88,1.24,0.95,2,42.4
3.11,5.06,26.3,66.3,2.77,1.44,0.17,3,20.7
5.18,5.94,25.1,76.2,3.27,0.48,0.61,1,31.1
8.19,5.34,11.0,73.1,2.87,1.32,1.14,1,60.7
4.35,6.11,21.1,83.3,2.34,1.73,0.27,3,35.7
7.62,6.46,23.9,75.2,2.94,1.65,0.32,2,51.1
4.99,6.17,19.9,87.3,1.71,0.42,0.76,2,31.7
8.87,6.78,27.7,74.9,3.08,0.51,1.18,3,44.0
8.24,6.16,22.3,68.3,2.9,1.07,0.52,2,57.1
4.46,6.42,11.9,69.6,0.51,2.15,0.81,0,41.4
7.51,6.36,13.6,61.6,1.96,2.21,0.27,0,60.3
4.69,6.1,24.9,78.9,1.29,0.98,0.81,3,20.5
6.44,6.28,27.9,89.1,0.76,1.88,0.38,0,28.4
6.78,6.63,11.8,86.9,3.04,1.57,0.77,2,63.4
7.89,5.44,11.8,75.3,0.52,2.46,0.2,1,56.7
2.66,5.86,23.7,66.9,2.69,0.51,0.68,2,29.6
3.93,5.54,11.2,90.2,3.46,1.51,0.36,0,49.8
7.13,6.41,11.2,62.0,1.95,1.6,0.85,1,60.4
6.16,5.32,26.0,74.0,1.61,0.98,0.92,2,32.5
5.72,6.33,24.4,90.0,2.32,0.4,1.03,0,31.3
2.86,6.28,25.9,73.8,2.91,0.41,1.19,1,29.6
4.76,6.7,21.7,64.1,1.22,1.3,0.61,3,33.2
8.12,4.85,15.8,69.3,1.25,1.82,0.84,0,48.7
2.7,6.05,26.3,81.0,2.32,1.84,0.12,2,29.6
5.08,6.17,15.4,65.3,3.32,0.7,1.1,0,51.0
8.64,6.63,15.0,82.9,1.4,2.19,0.78,2,63.3
2.83,6.56,26.0,75.3,1.63,1.13,0.56,0,22.3
7.37,5.69,22.3,71.7,3.48,2.42,0.58,2,57.8
4.17,5.71,26.1,68.4,1.03,0.56,0.93,1,18.7
8.13,4.63,12.8,88.8,0.73,2.14,1.02,2,49.8
7.35,6.73,27.1,73.9,2.27,2.3,0.99,0,44.2
8.26,4.86,21.0,85.8,0.57,2.11,0.66,2,38.4
3.9,6.08,22.0,75.4,1.04,2.08,0.51,2,33.8
5.95,6.27,26.5,63.2,2.37,1.09,1.14,0,37.8
7.57,5.35,16.9,75.4,2.48,1.87,0.8,1,48.3
4.1,4.75,23.0,77.8,2.03,1.57,0.7,2,32.1
4.0,4.69,21.5,76.0,1.65,1.23,0.76,2,28.9
2.68,6.43,24.2,88.6,2.23,2.48,0.79,2,30.7
8.73,5.53,26.1,91.9,2.43,0.94,0.88,3,36.1
7.12,4.43,22.2,87.5,2.91,1.21,0.71,1,38.1
6.63,6.06,11.2,80.4,2.88,2.29,1.06,3,59.2
7.34,4.85,13.3,79.0,2.49,0.94,1.05,3,43.0
5.96,6.48,27.2,82.6,3.18,0.64,0.59,2,40.6
5.59,5.0,27.4,70.1,3.01,0.98,0.29,0,35.1
5.42,4.72,27.4,88.4,0.9,1.97,0.73,1,12.4
6.66,4.42,10.7,90.0,3.37,2.19,0.78,0,56.7
3.81,5.53,16.9,69.4,3.18,0.55,0.68,2,43.9
8.27,5.37,23.7,91.6,1.46,1.67,1.08,1,37.4
7.78,6.15,23.6,89.7,0.56,1.55,0.2,3,36.1
4.77,5.41,11.5,74.9,2.31,1.77,0.42,2,49.8
6.26,5.09,21.0,91.8,1.82,1.78,1.05,1,30.5
3.42,4.88,12.6,64.2,2.75,2.41,1.13,0,40.4
8.82,4.92,18.9,61.0,2.07,1.06,0.57,0,53.6
8.37,6.61,14.3,72.2,0.73,0.96,0.31,2,56.7
8.49,4.63,11.0,79.8,1.23,1.58,0.56,3,52.5
4.66,6.77,11.4,72.3,3.15,1.24,0.6,1,53.0
3.6,5.05,26.4,93.0,0.61,1.34,0.67,0,14.6
3.88,4.43,23.4,68.9,2.71,0.45,0.4,1,21.0
3.09,4.85,26.8,69.8,1.38,0.63,0.44,3,10.1
3.28,4.35,18.5,82.2,1.86,2.36,0.82,2,30.5
2.96,6.25,17.4,60.1,2.09,0.45,0.78,0,37.0
8.93,5.53,16.5,85.5,1.25,1.6,0.83,0,54.0
2.98,5.08,21.1,73.2,2.46,1.96,0.52,0,30.7
3.36,5.92,16.3,94.2,2.58,0.33,0.47,3,29.3
7.88,5.84,23.4,84.2,0.76,0.79,0.49,3,29.8
6.27,6.64,24.4,61.8,1.62,1.13,1.15,1,34.9
7.53,6.7,25.8,63.2,2.73,1.41,0.53,2,56.4
6.6,5.97,14.4,63.1,2.66,1.05,0.77,0,56.7
8.23,6.33,19.5,93.3,2.13,1.73,0.68,2,55.2
6.65,6.26,14.0,83.9,2.83,0.8,1.06,1,50.2
5.89,5.48,10.7,75.0,0.82,0.36,0.51,3,39.4
7.13,6.03,22.7,67.0,0.85,0.3,0.58,1,35.2
5.41,4.4,19.9,90.6,2.47,1.06,1.03,3,27.8
4.75,6.17,23.0,67.1,2.58,1.1,0.28,2,39.9
5.54,6.7,11.6,84.7,2.94,2.39,0.75,1,55.9
3.6,4.42,27.9,86.7,1.04,0.4,0.54,3,8.0
7.68,6.37,27.9,70.3,2.05,1.47,1.18,3,37.2
4.19,6.63,18.4,77.7,2.48,1.57,0.89,1,38.3
3.5,4.79,25.6,67.8,1.17,1.84,0.11,1,20.3
4.1,5.56,14.4,73.3,2.05,1.71,1.02,2,43.4
7.97,6.61,23.3,93.8,2.42,0.32,0.87,0,42.8
4.65,6.7,25.8,84.3,1.14,1.69,0.72,1,24.3
6.96,4.53,24.7,89.6,1.63,1.01,0.36,3,27.0
8.07,5.11,24.6,78.9,1.15,2.0,0.26,3,34.1
3.01,6.02,18.3,68.4,3.21,0.71,0.79,1,36.6
7.47,4.78,24.8,85.0,1.21,1.88,0.58,1,33.8
4.5,5.04,22.4,77.5,0.86,1.68,1.05,3,18.0
3.91,4.26,12.4,66.2,0.61,1.74,0.39,0,38.6
6.98,4.6,12.1,74.4,0.63,0.69,0.8,0,40.2
8.41,5.66,23.9,82.2,1.07,1.77,0.37,0,41.9
4.42,5.9,21.3,85.7,2.32,1.92,0.8,0,34.2
6.2,5.89,19.3,68.5,0.55,1.38,0.15,3,38.1
4.38,6.22,26.3,90.7,1.36,1.05,0.53,0,23.3
6.1,5.28,21.9,73.3,0.67,0.67,0.29,1,26.9
6.54,4.91,17.1,69.5,1.71,0.94,0.77,2,41.1
6.47,4.24,17.5,66.8,0.65,1.98,0.45,2,37.5
6.55,4.74,20.9,88.1,2.32,1.2,0.95,3,34.5
3.38,5.01,23.7,72.4,2.57,1.85,0.23,3,27.8
7.01,4.66,20.2,76.9,2.69,1.93,0.71,1,42.8
6.89,4.25,19.2,67.8,1.17,1.78,0.75,0,35.5
6.94,4.61,23.1,84.0,3.11,1.78,0.12,0,41.1
2.98,5.93,22.7,87.3,2.57,1.64,0.14,3,27.1
5.4,5.84,24.9,71.9,0.67,1.44,0.44,1,27.3
5.16,6.63,11.1,93.1,1.82,0.74,0.77,3,45.3
3.06,6.28,23.6,61.1,2.8,2.15,1.16,1,35.9
3.95,5.68,19.2,64.7,1.43,2.42,0.2,3,34.6
5.37,4.56,11.3,80.6,1.64,1.33,0.87,2,43.8
7.33,5.67,22.2,84.5,2.39,2.35,0.86,2,46.9
4.04,4.36,22.9,68.8,0.67,2.5,0.84,2,19.7
7.89,5.32,19.4,79.4,3.4,1.37,0.67,1,50.6
6.05,5.21,24.3,71.1,1.02,1.89,1.16,0,29.2
7.44,5.31,15.4,79.4,0.58,1.72,0.65,0,40.7
5.57,4.93,13.6,83.1,0.52,0.82,1.02,1,29.5
5.74,5.98,16.3,94.0,1.7,0.4,0.39,3,36.4
6.53,6.39,17.4,75.9,3.15,1.3,0.99,2,52.0
8.53,6.2,22.5,82.7,2.96,2.03,1.2,2,52.8
5.7,5.83,25.2,80.2,3.24,1.02,1.1,1,39.3
5.94,5.6,23.0,71.1,2.1,2.03,0.43,1,34.4
6.41,4.28,13.1,68.9,1.85,1.74,1.03,1,42.9
7.29,6.08,16.6,94.6,1.66,1.83,0.2,0,46.1
2.97,5.62,12.9,67.2,0.64,0.93,0.85,2,30.8
5.85,4.9,22.4,87.7,3.23,1.33,0.48,1,36.6
5.63,5.05,14.5,65.1,1.99,0.7,0.82,1,38.3
8.49,6.63,19.5,88.2,1.87,0.84,0.55,2,53.1
5.71,5.82,24.3,66.5,2.05,0.5,0.11,0,39.0
5.54,5.44,22.1,93.9,2.88,0.58,0.35,3,35.0
8.75,5.81,15.4,84.0,1.17,0.76,0.15,0,53.2
5.43,5.28,16.0,63.2,2.63,1.58,0.57,2,45.9
3.68,5.42,21.8,84.3,2.63,1.27,1.02,3,26.6
3.91,4.95,19.9,81.1,3.05,0.89,0.91,0,34.3
3.12,5.34,11.7,71.8,0.53,2.19,0.97,0,36.4
2.5,5.98,25.7,69.1,1.01,1.46,0.99,1,20.8
5.31,4.3,19.2,85.2,1.91,2.33,0.51,3,34.9
7.5,6.27,18.5,85.9,3.05,1.7,0.66,2,58.7
7.27,4.94,13.6,71.5,3.4,0.33,0.66,1,59.1
2.71,5.97,16.8,90.7,2.28,2.31,0.22,3,34.7
6.2,5.87,16.0,69.4,1.14,2.19,0.76,1,43.2
3.5,5.9,14.9,62.4,1.05,1.7,0.89,3,34.2
8.62,5.78,20.2,81.0,2.42,1.48,0.77,3,46.2
3.59,6.69,18.3,63.7,1.13,1.3,0.92,0,35.2
6.57,5.52,26.0,69.7,2.16,1.36,0.23,1,31.4
4.62,6.1,26.9,77.8,3.0,1.99,0.94,0,33.9
6.67,6.03,14.0,70.0,1.67,1.43,0.33,0,51.8
5.18,4.81,11.8,67.5,1.64,0.69,1.06,0,43.0
7.44,4.94,24.1,84.6,0.61,0.43,0.37,0,30.3
4.0,5.3,27.9,79.1,1.26,0.58,0.64,0,13.9
8.39,4.92,25.5,89.4,2.59,0.85,0.64,2,45.6
5.75,5.15,10.4,80.3,1.58,1.11,0.4,1,44.8
7.41,5.22,14.5,76.9,0.97,2.26,0.5,1,46.9
8.02,5.77,10.8,69.1,0.82,0.83,0.3,3,46.6
8.99,4.77,24.8,87.7,0.79,1.0,0.73,3,28.2
3.96,6.29,20.5,66.9,2.48,0.79,1.1,2,40.5
4.36,5.34,19.2,68.5,2.34,1.5,0.45,1,36.8
4.13,6.04,20.0,89.5,2.06,1.66,0.66,2,36.6
4.21,4.41,14.5,85.9,2.0,1.47,1.05,1,32.4
6.29,5.42,20.8,81.5,0.96,2.39,0.6,1,31.4
8.96,4.27,10.6,61.4,2.0,2.49,1.01,1,59.3
8.94,5.96,21.6,64.5,0.68,2.14,0.59,0,51.4
5.92,5.09,23.2,77.5,3.28,2.07,0.58,0,45.5
6.65,6.67,22.1,86.1,0.67,1.11,0.27,2,37.7
8.09,5.04,16.0,76.2,1.77,1.58,0.24,3,51.8
8.56,5.67,24.9,60.6,0.5,1.07,0.77,1,32.3
3.83,4.87,22.9,66.4,2.86,2.03,1.01,0,30.9
5.94,5.81,12.3,80.6,1.0,0.68,0.25,2,49.7
7.91,5.41,13.5,84.3,3.27,0.78,1.1,3,54.9
4.47,5.16,21.5,61.2,0.63,0.39,0.49,2,25.2
5.36,4.73,15.2,61.5,2.96,1.64,0.57,0,48.4
8.91,4.49,12.1,69.1,2.47,1.81,1.08,0,57.2
8.9,4.51,12.8,62.9,1.25,0.31,1.09,2,51.1
8.39,6.8,13.0,79.0,1.11,1.42,0.68,3,54.7
7.69,5.27,18.6,64.3,1.57,1.13,0.4,0,46.3
4.25,4.21,20.9,82.7,2.99,2.04,0.29,3,28.6
4.59,6.68,13.2,87.2,3.09,0.39,0.4,3,47.1
6.06,4.25,22.8,94.0,1.03,0.41,0.96,0,19.4
6.15,5.29,15.1,93.2,1.56,1.66,0.46,0,39.8
5.79,6.07,15.6,69.6,1.21,1.6,0.86,0,47.2
6.64,6.58,14.0,61.0,0.87,2.13,0.31,2,60.4
5.15,6.05,24.1,71.5,2.44,1.6,0.63,0,42.9
7.37,5.41,27.3,84.8,1.54,2.39,0.49,3,34.2
4.67,6.73,18.9,62.1,1.18,0.99,0.65,0,37.9
4.65,4.3,10.8,72.6,3.1,1.18,0.73,2,48.2
3.33,6.77,14.7,70.4,2.74,2.45,1.19,3,46.6
3.73,6.41,12.8,67.7,2.82,0.54,1.09,0,45.1
8.03,6.62,25.2,84.7,0.62,2.05,0.87,1,40.0
5.4,4.86,11.5,83.1,3.25,0.33,0.27,3,40.5
3.98,4.57,27.4,78.7,2.22,1.37,1.11,0,19.2
7.44,5.92,20.6,91.9,2.01,0.64,1.08,1,40.5
6.1,5.54,19.3,63.6,0.53,1.62,1.08,1,31.5
2.64,5.56,25.3,65.2,3.19,2.06,0.63,0,31.3
4.56,6.6,10.5,73.4,2.13,0.37,0.29,1,49.3
3.65,5.81,24.0,83.0,2.98,0.66,0.93,1,31.1
6.76,5.01,12.1,80.4,2.47,1.05,0.53,1,46.1
4.29,5.24,25.1,62.6,2.89,0.86,0.48,3,25.8
2.92,4.55,19.5,93.5,2.58,1.14,0.53,0,23.6
2.86,4.7,11.1,70.7,3.26,2.39,0.71,1,40.7
6.28,4.57,25.0,72.6,1.18,0.52,0.47,0,22.0
2.64,6.31,10.5,81.8,1.11,1.23,0.86,3,31.3
8.02,6.03,12.5,93.1,2.64,1.31,0.81,2,62.9
3.51,5.58,24.4,83.2,2.0,0.92,0.66,2,24.7
6.44,5.17,18.4,93.4,2.3,0.91,0.16,0,41.1
5.39,5.94,25.9,66.6,2.63,1.87,1.13,1,33.1
5.38,6.31,21.4,81.7,2.14,1.66,0.55,0,42.0
2.97,6.49,21.2,89.0,2.86,2.09,0.59,1,39.3
7.72,5.62,15.3,77.8,1.46,1.19,0.6,3,43.7
8.3,6.33,12.4,72.7,3.08,1.63,0.5,2,73.5
2.57,5.53,27.3,94.5,0.82,2.27,0.84,0,13.9
3.66,5.43,11.9,64.9,2.4,2.17,0.12,1,46.8
8.38,6.45,19.5,74.4,3.17,2.32,1.06,3,58.7
6.07,5.2,14.9,90.6,1.26,0.89,0.21,0,40.0
3.48,5.23,14.8,91.5,1.48,2.47,1.2,3,35.1
3.82,4.99,20.7,94.3,1.42,2.1,0.79,1,25.0
6.79,5.55,24.4,91.0,2.19,2.05,0.17,1,39.1
7.21,5.62,24.0,61.8,1.74,1.77,0.72,3,37.8
6.4,5.92,25.6,92.5,0.82,2.46,0.46,2,35.4
8.7,5.32,15.3,75.0,3.17,1.27,1.15,1,54.6
5.71,4.77,18.4,82.8,1.11,1.93,0.93,0,33.9
4.45,6.45,10.2,73.8,2.1,1.84,0.66,0,59.7
5.6,5.1,23.4,88.5,2.28,1.91,0.57,1,26.1
4.84,6.6,15.4,80.2,0.62,1.95,1.2,0,39.3
3.96,4.74,20.1,89.6,0.79,0.72,0.83,3,16.9
2.8,5.66,13.0,66.8,3.42,1.07,0.67,0,44.8
4.79,5.6,24.7,66.5,2.49,1.16,0.54,2,35.1
7.12,6.35,24.7,75.4,0.6,1.95,0.46,3,34.3
2.62,4.56,25.8,60.2,2.88,1.88,0.88,1,22.7
5.35,6.57,10.8,84.2,2.03,2.13,0.75,2,56.1
6.69,5.58,27.9,70.4,0.73,2.03,1.03,0,27.7
6.47,5.72,14.5,79.5,2.54,1.61,0.71,2,58.6
7.55,5.53,15.6,62.5,2.0,0.61,0.74,3,46.8
7.77,4.29,14.5,66.0,1.11,1.7,0.63,3,44.6
7.13,5.49,14.8,81.8,3.13,2.25,0.94,0,55.3
3.17,4.89,19.9,70.7,1.37,1.71,0.56,1,27.0
5.59,5.09,14.3,67.5,1.35,2.27,1.04,2,46.9
6.42,5.89,17.1,68.0,1.32,2.5,0.46,3,46.3
4.1,5.49,21.8,67.5,2.8,1.09,0.86,1,30.6
2.78,4.44,25.0,81.8,2.62,1.89,1.08,3,16.3
3.95,4.39,22.5,65.9,3.21,1.49,0.95,0,36.9
5.46,4.68,20.7,72.7,1.19,1.3,0.48,2,30.3
5.19,4.7,12.7,84.1,2.86,0.83,0.88,1,43.3
3.65,5.78,24.7,78.0,2.22,0.84,0.33,2,26.5
7.86,4.66,10.7,80.9,1.43,0.71,0.16,2,54.1
8.52,6.49,14.8,68.8,0.61,1.69,0.97,1,49.7
3.81,4.75,11.0,92.6,2.96,0.61,0.99,3,33.9
8.54,4.44,22.0,74.5,1.22,1.25,0.13,3,34.8
2.62,6.48,16.6,70.0,2.4,1.45,1.14,3,33.7
8.51,4.97,21.7,91.7,2.15,1.26,0.59,0,43.9
8.69,5.31,16.2,82.9,0.51,2.18,1.1,1,44.2
2.58,6.69,18.2,81.5,3.48,1.27,0.97,2,39.3
7.46,6.66,18.2,91.0,2.94,0.48,1.09,3,47.5
8.81,6.06,10.8,62.0,1.96,2.48,1.02,1,62.6
8.39,4.38,17.7,89.3,2.54,2.16,1.17,2,51.5
8.81,5.74,21.5,83.7,1.93,1.75,0.79,2,51.9
6.08,6.77,19.8,72.6,2.73,1.96,0.35,0,52.3
3.01,6.66,11.4,69.0,0.9,0.58,0.53,3,35.8
8.02,4.48,22.0,63.7,1.84,1.99,0.93,1,45.2
6.49,5.23,15.6,92.9,1.51,0.76,0.27,2,41.2
6.5,5.02,10.3,65.0,1.88,1.38,1.12,1,47.1
5.21,4.54,12.8,69.1,1.85,0.69,0.33,0,42.6
6.22,6.01,19.0,84.2,0.93,1.96,1.06,1,33.4
3.5,4.91,15.6,84.9,3.43,0.84,0.63,2,39.5
7.31,5.1,22.5,65.6,0.55,0.86,1.02,1,28.4
2.99,4.43,14.3,88.5,0.53,0.54,1.15,3,14.4
7.24,5.49,23.9,77.9,1.62,1.89,0.56,3,35.7
8.02,4.61,15.2,89.7,2.36,0.95,0.87,2,51.1
5.57,5.32,21.2,63.1,1.04,1.44,0.35,3,34.3
5.81,4.57,24.4,61.5,2.1,1.03,0.98,3,30.6
4.53,6.68,16.9,82.3,2.67,2.0,1.0,2,49.1
8.8,4.58,10.8,65.3,0.78,0.8,0.42,3,47.9
7.27,5.56,19.6,78.4,3.45,2.37,0.13,2,52.0
4.9,4.71,27.9,60.5,1.51,1.01,0.57,3,20.5
3.64,4.4,27.4,87.3,2.43,0.53,0.29,0,11.6
3.93,4.73,14.0,91.5,0.83,0.83,1.0,1,19.5
5.52,4.34,23.6,89.4,2.63,0.46,0.39,3,25.1
8.63,4.56,16.2,93.5,3.02,1.33,1.14,1,49.9
7.27,5.48,12.9,91.6,0.82,0.85,1.17,0,40.8
3.9,5.89,22.0,75.5,0.88,2.25,1.1,3,28.7
8.09,4.43,19.0,73.9,1.34,1.44,0.76,2,43.9
4.96,5.35,19.7,91.4,0.54,0.81,0.39,3,21.9
8.04,5.71,24.9,92.4,3.46,1.29,0.99,0,49.4
4.07,4.81,16.1,94.0,2.3,0.73,0.87,0,35.5
6.52,5.17,22.0,86.9,2.32,0.69,1.17,2,37.6
8.52,4.39,16.6,67.1,3.38,0.96,0.51,0,54.0
4.18,4.77,10.8,93.1,3.0,0.54,0.16,2,43.1
7.0,5.41,16.8,93.1,2.94,0.72,1.2,1,40.3
8.92,6.78,27.1,83.3,1.52,2.36,1.02,0,45.3
3.48,6.79,18.7,90.0,1.5,1.77,0.34,3,29.7
3.07,6.75,11.9,79.6,1.38,2.33,0.9,0,42.3
6.88,5.3,22.4,93.0,1.54,0.87,0.1,3,32.2
4.71,4.41,27.3,63.3,1.61,2.19,0.71,0,19.7
2.96,5.04,26.3,90.2,0.92,1.1,0.5,2,10.4
5.59,4.82,20.3,61.9,1.57,0.62,0.52,3,29.3
7.4,4.24,16.8,71.9,1.84,2.07,0.37,0,46.3
4.35,4.45,20.5,64.7,1.43,0.43,0.4,3,22.0
4.68,5.38,24.7,76.8,1.0,1.19,0.6,1,21.1
8.0,5.08,25.5,68.1,1.62,2.1,0.37,2,40.7
5.88,4.67,24.7,93.3,1.94,1.66,0.61,3,22.1
